{
  "resource_pack_name": "vanilla",
  "texture_name": "atlas.items",
  "texture_data": {
	"gojidraw_hearing_aid": {
      "textures": "textures/items/gojidraw_hearing_aid"
    },
	"gojidraw:death_angel_sword": {
      "textures": "textures/items/death_angel_sword"
    },
	"gojidraw:speaker_spawn_egg": {
      "textures": "textures/items/speaker_item"
    },
	"gojidraw:death_angel_carapace": {
      "textures": "textures/items/death_angel_carapace"
    },
	"gojidraw:queen_death_angel_head_item": {
      "textures": "textures/items/queen_death_angel_head"
    },
	"gojidraw:queen_death_angel_claw": {
      "textures": "textures/items/queen_death_angel_claw"
    },
	"gojidraw:death_angel_egg": {
      "textures": "textures/items/gojidraw_death_angel_egg"
    },
	"gojidraw:death_angel_armor_boots": {
      "textures": "textures/items/death_angel_armor_boots"
    },
	"gojidraw:death_angel_armor_helmet": {
      "textures": "textures/items/death_angel_armor_helmet"
    },
	"gojidraw:death_angel_armor_leggings": {
      "textures": "textures/items/death_angel_armor_leggings"
    },
	"gojidraw:death_angel_armor_chestplate": {
      "textures": "textures/items/death_angel_armor_chestplate"
    }
  }
}