{
	"format_version": "1.20.30",
	"minecraft:entity": {
		"description": {
			"identifier": "gojidraw:burning_death_angel",
			"is_spawnable": false,
			"is_summonable": true,
			"is_experimental": false,
			"runtime_identifier": "minecraft:warden",
            "scripts":  {
                "animate":  [
                    "attack"
                ]
            },
            "animations":  {
            "attack":  "controller.animation.death_angel.melee_attacking"
    }
		},
        "component_groups":  {
    "transformation_normal": {
            "minecraft:transformation": {
                    "into": "gojidraw:after_spawn_death_angel"
                }
        }
       },
		"components": {
			"minecraft:movement_sound_distance_offset": {
				"value": 0.75
			},
			"minecraft:experience_reward": {
				"on_bred": "math.random(1,7)",
				"on_death": "query.last_hit_by_player?5:0"
			},
			"minecraft:attack": {
				"damage": 1
			},
			"minecraft:vibration_listener": {},
			"minecraft:vibration_damper": {},
			"minecraft:suspect_tracking": {},
			"minecraft:anger_level": {
				"max_anger": 150,
				"angry_threshold": 1,
		"remove_targets_below_angry_threshold": true,
				"angry_boost": 1,
				"anger_decrement_interval": 1,
				"default_annoyingness": 1,
				"default_projectile_annoyingness": 1,
				"on_increase_sounds": [
					{
						"sound": "listening_angry",
						"condition": "query.anger_level(this)>=40"
					},
					{
						"sound": "listening",
						"condition": "query.anger_level(this)>=0"
					}
				],
				"nuisance_filter": {
					"all_of": [
						{
							"test": "is_family",
							"subject": "other",
							"operator": "not",
							"value": "gojidraw_death_angel"
						},
						{
							"test": "is_family",
							"subject": "other",
							"operator": "not",
							"value": "inanimate"
						}
					]
				}
			},
			"minecraft:is_hidden_when_invisible": {},
			"minecraft:type_family": {
				"family": [
					"gojidraw_death_angel",
					"monster",
					"mob"
				]
			},
			"minecraft:breathable": {
				"total_supply": 15,
				"suffocate_time": 0
			},
			"minecraft:navigation.climb": {
				"avoid_damage_blocks": true,
				"can_break_doors": true,
				"can_path_over_water": true,
				"can_path_over_lava": true
			},
			"minecraft:preferred_path": {
				"max_fall_blocks": 20
			},
			"minecraft:ambient_sound_interval": {
				"value": 4,
				"range": 30,
				"event_name": "ambient",
				"event_names": [
					{
						"event_name": "angry",
						"condition": "query.anger_level(this)>=80"
					}
				]
			},
			"minecraft:heartbeat": {
				"interval": "2-math.clamp(53.333333333333336*query.anger_level,0,1.5)"
			},
			"minecraft:movement.basic": {},
			"minecraft:jump.static": {},
			"minecraft:can_climb": {},
      "minecraft:timer":{
    "looping": true,
    "randomInterval":true,
    "time": [7, 7],
    "time_down_event": {
        "event":"goji:transformation_normal"
             }
          },
			"minecraft:collision_box": {
				"width": 3.4,
				"height": 3.3
			},
			"minecraft:health": {
				"value": 35,
				"max": 35
			},
			"minecraft:movement": {
				"value": 0.60
			},
			"minecraft:knockback_resistance": {
				"value": 1
			},
			"minecraft:behavior.roar": {
				"priority": 2,
				"duration": 4.2
			},
			"minecraft:behavior.delayed_attack": {
				"priority": 4,
				"speed_multiplier": 2,
				"melee_fov": 360,
				"attack_once": false,
				"reach_multiplier": 10,
				"attack_duration": 2,
				"hit_delay_pct": 1
			},
			"minecraft:behavior.investigate_suspicious_location": {
				"priority": 5,
				"speed_multiplier": 0.4
			},
      "minecraft:knockback_resistance": {
        "value": 1.0
      },
			"minecraft:behavior.sniff": {
				"priority": 3,
				"duration": 4,
				"sniffing_radius": 10,
				"suspicion_radius_horizontal": 24,
				"suspicion_radius_vertical": 6,
				"cooldown_range": [
					5,
					10
				]
			},
			"minecraft:behavior.random_stroll": {
				"priority": 9,
				"speed_multiplier": 0.4
			},
			"minecraft:behavior.random_look_around": {
				"priority": 11
			},
			"minecraft:physics": {
				"has_collision": true,
				"has_gravity": true
			},
			"minecraft:follow_range": 60,
			"minecraft:scale": {
				"value": 0.6
			},
			"minecraft:break_blocks": {
				"breakable_blocks": [
					"minecraft:bamboo_fence",
					"minecraft:bamboo_fence_gate",
					"minecraft:birch_fence",
					"minecraft:birch_fence_gate",
					"minecraft:cherry_fence",
					"minecraft:cherry_fence_gate",
					"minecraft:crimson_fence",
					"minecraft:crimson_fence_gate",
					"minecraft:dark_oak_fence",
					"minecraft:dark_oak_fence_gate",
					"minecraft:fence_gate",
					"minecraft:jungle_fence",
					"minecraft:jungle_fence_gate",
					"minecraft:mangrove_fence",
					"minecraft:mangrove_fence_gate",
					"minecraft:nether_brick_fence",
					"minecraft:oak_fence",
					"minecraft:spruce_fence",
					"minecraft:spruce_fence_gate",
					"minecraft:warped_fence",
					"minecraft:warped_fence_gate",
					"minecraft:iron_bars",
					"minecraft:glass",
					"minecraft:glass_pane",
					"minecraft:acacia_fence",
					"minecraft:acacia_fence_gate",
					"minecraft:green_stained_glass_pane",
					"minecraft:green_stained_glass",
					"minecraft:black_stained_glass",
					"minecraft:black_stained_glass_pane",
					"minecraft:blue_stained_glass",
					"minecraft:blue_stained_glass_pane",
					"minecraft:brown_stained_glass",
					"minecraft:brown_stained_glass_pane",
					"minecraft:cyan_stained_glass",
					"minecraft:cyan_stained_glass_pane",
					"minecraft:gray_stained_glass",
					"minecraft:gray_stained_glass_pane",
					"minecraft:light_blue_stained_glass",
					"minecraft:light_blue_stained_glass_pane",
					"minecraft:light_gray_stained_glass",
					"minecraft:light_gray_stained_glass_pane",
					"minecraft:lime_stained_glass",
					"minecraft:lime_stained_glass_pane",
					"minecraft:magenta_stained_glass",
					"minecraft:magenta_stained_glass_pane",
					"minecraft:orange_stained_glass",
					"minecraft:orange_stained_glass_pane",
					"minecraft:pink_stained_glass",
					"minecraft:pink_stained_glass_pane",
					"minecraft:purple_stained_glass",
					"minecraft:purple_stained_glass_pane",
					"minecraft:red_stained_glass",
					"minecraft:red_stained_glass_pane",
					"minecraft:tinted_glass",
					"minecraft:white_stained_glass",
					"minecraft:white_stained_glass_pane",
					"minecraft:yellow_stained_glass",
					"minecraft:yellow_stained_glass_pane",
					"minecraft:bamboo",
					"minecraft:cactus",
					"minecraft:lightning_rod",
					"minecraft:end_rod",
					"minecraft:web",
					"minecraft:chain",
					"minecraft:flower_pot",
					"azalea_leaves",
					"azalea_leaves_flowered",
					"cherry_leaves",
					"mangrove_leaves",
					"minecraft:acacia_trapdoor",
					"minecraft:bamboo_trapdoor",
					"minecraft:birch_trapdoor",
					"minecraft:cherry_trapdoor",
					"minecraft:crimson_trapdoor",
					"minecraft:dark_oak_trapdoor",
					"minecraft:iron_trapdoor",
					"minecraft:jungle_trapdoor",
					"minecraft:mangrove_trapdoor",
					"minecraft:spruce_trapdoor",
					"minecraft:trapdoor",
					"minecraft:warped_trapdoor",
					"leaves",
					"leaves2",
					"minecraft:anvil",
					"minecraft:pointed_dripstone"
				]
			},
			"minecraft:pushable": {
				"is_pushable": true,
				"is_pushable_by_piston": true
			},
			"minecraft:behavior.float": {
				"priority": 0
			},
			"minecraft:fire_immune": {},
        "minecraft:damage_sensor": {
        "triggers": {
          "cause": "all",
          "deals_damage" : false
            }
         }},
        "events":  {
    "minecraft:entity_spawned": {},
    "goji:transformation_normal": {
        "add": {
          "component_groups": ["transformation_normal"]
        }
      }
        }
	}
}