{
  "format_version": "1.10",
  "minecraft:entity": {
    "description": {
      "identifier": "gojidraw:drowned_death_angel",
      "is_spawnable": false,
      "is_summonable": false,
      "is_experimental": false
    },
    "component_groups": {
      "despawn": {
			"minecraft:instant_despawn": {
				"remove_child_entities":false
			}
		}
					},
    "components": {
			"minecraft:collision_box": {
				"width": 0,
				"height": 0
			},
			"minecraft:type_family": {
				"family": [
					"gojidraw_death_angel",
					"monster",
					"mob"
				]
			},
      "minecraft:variant": {
          "value": 0
        },
        "minecraft:timer":{
    "looping": false,
    "randomInterval":true,
    "time": [8, 8],
    "time_down_event": {
        "event":"goji:transform"
             }
          },
        "minecraft:damage_sensor": {
        "triggers": {
          "cause": "all",
          "deals_damage" : false
            }
         },
      "minecraft:knockback_resistance": {
        "value": 1.0,
        "max": 1.0
      },
        "minecraft:behavior.float": {
        "priority": 10
      },
      "minecraft:fire_immune":{
      },
      "minecraft:nameable": {
      },
      "minecraft:scale": {
        "value": 0.6
      },
      "minecraft:physics": {
      },
      "minecraft:on_death": {
        "event": "on:death",
        "target": "self"
      },
            "minecraft:navigation.walk":  {
                "can_path_over_water":  true
            },
      "minecraft:pushable": {
        "is_pushable": false,
        "is_pushable_by_piston": true
      }
    },
    "events": {
      "minecraft:entity_spawned":  {
      },
      "goji:transform": {
        "add": {
          "component_groups": ["despawn"]
        }
      }
    }
  }
}
