{
	"format_version": "1.8.0",
	"minecraft:entity": {
		"description": {
			"identifier": "gojidraw:running_death_angel",
			"is_spawnable": false,
			"is_summonable": false,
			"is_experimental": true,
			"scripts": {
				"animate": [
					{
						"water": "query.is_in_water"
					}
				]
			},
			"animations": {
				"attack": "controller.animation.death_angel.melee_attacking",
				"water": "animation.death_angel.water"
			}
		},
		"component_groups": {
			"goji:stop_running": {
				"minecraft:transformation": {
					"into": "gojidraw:after_spawn_death_angel<minecraft:entity_spawned>"
				}
			},
			"goji:drown": {
				"minecraft:transformation": {
					"into": "gojidraw:drowned_death_angel<minecraft:entity_spawned>"
				}
			},
			"goji:death": {
				"minecraft:transformation": {
					"into": "gojidraw:dead_death_angel"
				}
			},
			"not": {}
		},
		"components": {
			"minecraft:nameable": {},
			"minecraft:type_family": {
				"family": [
					"gojidraw_death_angel",
					"monster",
					"mob"
				]
			},
			"minecraft:collision_box": {
				"width": 3.4,
				"height": 3.3
			},
			"minecraft:health": {
				"value": 35,
				"max": 35
			},
			"minecraft:movement": {
				"value": 0.60
			},
			"minecraft:movement.basic": {},
			"minecraft:behavior.float": {
				"priority": 1
			},
			"minecraft:jump.static": {},
			"minecraft:can_climb": {},
			"minecraft:physics": {},
			"minecraft:scale": {
				"value": 0.6
			},
			"minecraft:break_blocks": {
				"breakable_blocks": [
					"minecraft:bamboo_fence",
					"minecraft:bamboo_fence_gate",
					"minecraft:birch_fence",
					"minecraft:birch_fence_gate",
					"minecraft:cherry_fence",
					"minecraft:cherry_fence_gate",
					"minecraft:crimson_fence",
					"minecraft:crimson_fence_gate",
					"minecraft:dark_oak_fence",
					"minecraft:dark_oak_fence_gate",
					"minecraft:fence_gate",
					"minecraft:jungle_fence",
					"minecraft:jungle_fence_gate",
					"minecraft:mangrove_fence",
					"minecraft:mangrove_fence_gate",
					"minecraft:nether_brick_fence",
					"minecraft:oak_fence",
					"minecraft:spruce_fence",
					"minecraft:spruce_fence_gate",
					"minecraft:warped_fence",
					"minecraft:warped_fence_gate",
					"minecraft:iron_bars",
					"minecraft:glass",
					"minecraft:glass_pane",
					"minecraft:acacia_fence",
					"minecraft:acacia_fence_gate",
					"minecraft:green_stained_glass_pane",
					"minecraft:green_stained_glass",
					"minecraft:black_stained_glass",
					"minecraft:black_stained_glass_pane",
					"minecraft:blue_stained_glass",
					"minecraft:blue_stained_glass_pane",
					"minecraft:brown_stained_glass",
					"minecraft:brown_stained_glass_pane",
					"minecraft:cyan_stained_glass",
					"minecraft:cyan_stained_glass_pane",
					"minecraft:gray_stained_glass",
					"minecraft:gray_stained_glass_pane",
					"minecraft:light_blue_stained_glass",
					"minecraft:light_blue_stained_glass_pane",
					"minecraft:light_gray_stained_glass",
					"minecraft:light_gray_stained_glass_pane",
					"minecraft:lime_stained_glass",
					"minecraft:lime_stained_glass_pane",
					"minecraft:magenta_stained_glass",
					"minecraft:magenta_stained_glass_pane",
					"minecraft:orange_stained_glass",
					"minecraft:orange_stained_glass_pane",
					"minecraft:pink_stained_glass",
					"minecraft:pink_stained_glass_pane",
					"minecraft:purple_stained_glass",
					"minecraft:purple_stained_glass_pane",
					"minecraft:red_stained_glass",
					"minecraft:red_stained_glass_pane",
					"minecraft:tinted_glass",
					"minecraft:white_stained_glass",
					"minecraft:white_stained_glass_pane",
					"minecraft:yellow_stained_glass",
					"minecraft:yellow_stained_glass_pane",
					"minecraft:bamboo",
					"minecraft:cactus",
					"minecraft:lightning_rod",
					"minecraft:end_rod",
					"minecraft:web",
					"minecraft:chain",
					"minecraft:flower_pot",
					"azalea_leaves",
					"azalea_leaves_flowered",
					"cherry_leaves",
					"mangrove_leaves",
					"minecraft:acacia_trapdoor",
					"minecraft:bamboo_trapdoor",
					"minecraft:birch_trapdoor",
					"minecraft:cherry_trapdoor",
					"minecraft:crimson_trapdoor",
					"minecraft:dark_oak_trapdoor",
					"minecraft:iron_trapdoor",
					"minecraft:jungle_trapdoor",
					"minecraft:mangrove_trapdoor",
					"minecraft:spruce_trapdoor",
					"minecraft:trapdoor",
					"minecraft:warped_trapdoor",
					"leaves",
					"leaves2",
					"minecraft:anvil",
					"minecraft:pointed_dripstone"
				]
			},
			"minecraft:pushable": {
				"is_pushable": true,
				"is_pushable_by_piston": true
			},
			"minecraft:behavior.float": {
				"priority": 0
			},
			"minecraft:fire_immune": {},
			"minecraft:damage_sensor": {
				"triggers": {
					"cause": "all",
					"deals_damage": false
				}
			},
			"minecraft:navigation.walk": {
				"can_walk": true,
				"can_path_over_water": false,
				"can_pass_doors": true,
				"can_break_doors": true,
				"can_open_doors": true,
				"can_open_iron_doors": true
			},
			"minecraft:behavior.random_look_around": {
				"priority": 9
			},
			"minecraft:follow_range": {
				"value": 128
			},
			"minecraft:behavior.hurt_by_target": {
				"priority": 1
			},
			"minecraft:behavior.look_at_player": {
				"priority": 8,
				"look_distance": 6,
				"probability": 0.02
			},
			"minecraft:behavior.random_stroll": {
				"priority": 7,
				"speed_multiplier": 1
			},
			"minecraft:knockback_resistance": {
				"value": 99.7,
				"max": 99.9
			},
			"minecraft:behavior.avoid_mob_type": {
				"priority": 0,
				"entity_types": [
					{
						"test": "is_family",
						"subject": "other",
						"value": "big_kaiju"
					},
					{
						"test": "is_family",
						"subject": "other",
						"value": "mob"
					},
					{
						"test": "is_family",
						"subject": "other",
						"operator": "!=",
						"value": "notkillbyda"
					},
					{
						"test": "is_family",
						"subject": "other",
						"operator": "!=",
						"value": "player"
					},
					{
						"test": "is_family",
						"subject": "other",
						"operator": "!=",
						"value": "titan"
					}
				],
				"max_dist": 128,
				"max_flee": 128,
				"avoid_target_xz": 128,
				"avoid_target_y": 128,
				"probability_per_strength": 0.0,
				"walk_speed_multiplier": 0
			},
			"minecraft:timer": {
				"looping": true,
				"randomInterval": true,
				"time": [10, 10],
				"time_down_event": {
					"event": "goji:stop_running"
				}
			},
			"minecraft:loot": {
				"table": "loot_tables/entities/null.json"
			},
			"minecraft:on_death": {
				"event": "on:death",
				"target": "self"
			},
			"minecraft:leashable": {
				"soft_distance": 4,
				"hard_distance": 6,
				"max_distance": 10,
				"can_be_stolen": true
			},
			"minecraft:is_hidden_when_invisible": {}
		},
		"events": {
			"minecraft:entity_spawned": {
				"add": {
					"component_groups": ["not"]
				}
			},
			"goji:stop_running": {
				"add": {
					"component_groups": ["goji:stop_running"]
				}
			},
			"on:death": {
				"add": {
					"component_groups": ["goji:death"]
				},
				"queue_command": {
					"command": [
						"particle gojidraw:blood_splatter",
						"playsound mob.death_angel.blood_splat @a[r=54]"
					]
				}
			},
			"goji:drown": {
				"add": {
					"component_groups": ["goji:drown"]
				}
			}
		}
	}
}