{
	"format_version": "1.20.30",
	"minecraft:entity": {
		"description": {
			"identifier": "gojidraw:trigger_death_angel",
			"is_spawnable": false,
            "is_summonable":  false,
            "is_experimental":  true,
            "scripts":  {
                "animate":  [
                    {
                        "water":  "query.is_in_water"
                    }
                ]
            },
            "animations":  {
            "attack":  "controller.animation.death_angel.melee_attacking",
            "water":  "animation.death_angel.water"
    }
		},
        "component_groups":  {
    "goji:stop_triggering": {
            "minecraft:transformation": {
                    "into": "gojidraw:running_death_angel"
                }
        },
    "goji:drown": {
            "minecraft:transformation": {
                    "into": "gojidraw:drowned_death_angel<minecraft:entity_spawned>"
                }
        },
    "goji:death": {
            "minecraft:transformation": {
                    "into": "gojidraw:dead_death_angel<minecraft:entity_spawned>"
                },
				"minecraft:tick_world": {
					"distance_to_players": 128,
					"never_despawn": true
				}
        },
        "despawn": {
			"minecraft:instant_despawn": {
				"remove_child_entities":false
			}
		}
        },
		"components": {
			"minecraft:is_hidden_when_invisible": {},
			"minecraft:type_family": {
				"family": [
					"gojidraw_death_angel",
					"monster",
					"mob"
				]
			},
			"minecraft:breathable": {
				"total_supply": 15,
				"suffocate_time": 0
			},
			"minecraft:preferred_path": {
				"max_fall_blocks": 20
			},
			"minecraft:can_climb": {},
      "minecraft:timer":{
    "looping": true,
    "randomInterval":true,
    "time": [5, 5],
    "time_down_event": {
        "event":"goji:stop_triggering"
             }
          },
			"minecraft:collision_box": {
				"width": 3.4,
				"height": 3.3
			},
			"minecraft:health": {
				"value": 35,
				"max": 35
			},
			"minecraft:movement": {
				"value": 0.0
			},
            "minecraft:loot":  {
                "table":  "loot_tables/entities/death_angel_loot.json"
            },
			"minecraft:knockback_resistance": {
				"value": 0.9
			},
			"minecraft:physics": {
			},
			"minecraft:follow_range": 60,
			"minecraft:scale": {
				"value": 0.6
			},
			"minecraft:pushable": {
				"is_pushable": false,
				"is_pushable_by_piston": true
			},
      "minecraft:on_death": {
        "event": "on:death",
        "target": "self"
      },
			"minecraft:behavior.float": {
				"priority": 0
			},
			"minecraft:fire_immune": {}},
			
        "events":  {
    "minecraft:entity_spawned": {
        "add": {
          "component_groups": ["stop_triggering"]
        }
    },
    "goji:stop_triggering": {
        "add": {
          "component_groups": ["goji:stop_triggering"]
        }
      },
    "on:death": {
        "add": {
          "component_groups": ["goji:death"]
        },
    "goji:drown": {
        "add": {
          "component_groups": ["goji:drown"]
        }
    },
         "queue_command" :{
           "command" : [
"particle gojidraw:blood_splatter",
"playsound mob.death_angel.blood_splat @a[r=54]"
]
              }
      }
        }
	}
}