{
	"format_version": "1.20.30",
	"minecraft:entity": {
		"description": {
			"identifier": "gojidraw:death_angel",
			"is_spawnable": true,
			"is_summonable": true,
			"is_experimental": false,
			"runtime_identifier": "minecraft:warden",
            "scripts":  {
                "animate":  [
                    "attack",
                    {
                        "water":  "query.is_in_water"
                    }
                ]
            },
            "animations":  {
            "attack":  "controller.animation.death_angel.melee_attacking",
            "water":  "animation.death_angel.water"
    }
		},
        "component_groups":  {
    "goji:trigger": {
            "minecraft:transformation": {
                    "into": "gojidraw:trigger_death_angel<minecraft:entity_spawned>"
                }
        },
    "goji:drown": {
            "minecraft:transformation": {
                    "into": "gojidraw:drowned_death_angel<minecraft:entity_spawned>"
                }
        },
      "despawn": {
			"minecraft:instant_despawn": {
				"remove_child_entities":false
			}
      },
			"goji:spawn_as_queen": {
				"minecraft:transformation": {
					"into": "gojidraw:queen_death_angel<minecraft:entity_spawned>"
				}
			},
    "goji:block_trigger": {
            "minecraft:transformation": {
                    "into": "gojidraw:block_trigger_death_angel<minecraft:entity_spawned>"
                }
        },
    "goji:running_trigger": {
            "minecraft:transformation": {
                    "into": "gojidraw:running_death_angel<minecraft:entity_spawned>"
                }
        },
    "goji:death": {
            "minecraft:transformation": {
                    "into": "gojidraw:dead_death_angel"
                }
        },
			"dark": {
				"minecraft:variant": {
					"value": 0
				}
			},
			"light": {
				"minecraft:variant": {
					"value": 1
				}
			}
       },
		"components": {
	"minecraft:movement_sound_distance_offset": {
				"value": 2000
			},
			"minecraft:experience_reward": {
				"on_bred": "math.random(1,7)",
				"on_death": "query.last_hit_by_player?5:0"
			},
			"minecraft:attack": {
				"damage": 1
			},
			"minecraft:vibration_listener": {},
			"minecraft:vibration_damper": {},
			"minecraft:suspect_tracking": {},
			"minecraft:anger_level": {
				"max_anger": 150,
				"angry_threshold": 75,
		"remove_targets_below_angry_threshold": true,
				"angry_boost": 35,
				"anger_decrement_interval": 1,
				"default_annoyingness": 40,
				"default_projectile_annoyingness": 12,
				"on_increase_sounds": [
					{
						"sound": "listening_angry",
						"condition": "query.anger_level(this)>=40"
					},
					{
						"sound": "listening",
						"condition": "query.anger_level(this)>=0"
					}
				],
				"nuisance_filter": {
					"all_of": [
						{
							"test": "is_family",
							"subject": "other",
							"operator": "not",
							"value": "gojidraw_death_angel"
						},
						{
							"test": "is_family",
							"subject": "other",
							"operator": "not",
							"value": "inanimate"
						}
					]
				}
			},
			"minecraft:is_hidden_when_invisible": {},
			"minecraft:type_family": {
				"family": [
					"gojidraw_death_angel",
					"monster",
					"mob"
				]
			},
			"minecraft:breathable": {
				"total_supply": 15,
				"suffocate_time": 0
			},
			"minecraft:navigation.climb": {
				"avoid_damage_blocks": true,
				"can_break_doors": true,
				"can_path_over_water": false,
				"can_path_over_lava": true
			},
			"minecraft:preferred_path": {
				"max_fall_blocks": 20
			},
			"minecraft:ambient_sound_interval": {
				"value": 4,
				"range": 30,
				"event_name": "ambient",
				"event_names": [
					{
						"event_name": "angry",
						"condition": "query.anger_level(this)>=80"
					}
				]
			},
			"minecraft:heartbeat": {
				"interval": "2-math.clamp(53.333333333333336*query.anger_level,0,1.5)"
			},
			"minecraft:movement.basic": {},
			"minecraft:jump.static": {},
			"minecraft:can_climb": {},
      "minecraft:timer":{
    "looping": true,
    "randomInterval":true,
    "time": [0, 0],
    "time_down_event": {
        "event":"minecraft:entity_spawned"
             }
          },
			"minecraft:collision_box": {
				"width": 3.4,
				"height": 3.3
			},
			"minecraft:health": {
				"value": 35,
				"max": 35
			},
			"minecraft:movement": {
				"value": 0.60
			},
			"minecraft:knockback_resistance": {
				"value": 1
			},
			"minecraft:behavior.roar": {
				"priority": 2,
				"duration": 4.2
			},
			"minecraft:behavior.delayed_attack": {
				"priority": 4,
				"speed_multiplier": 2,
				"melee_fov": 360,
				"attack_once": false,
				"reach_multiplier": 10,
				"attack_duration": 2,
				"hit_delay_pct": 1
			},
			"minecraft:behavior.investigate_suspicious_location": {
				"priority": 5,
				"speed_multiplier": 0.4
			},
      "minecraft:knockback_resistance": {
        "value": 1.0
      },
			"minecraft:behavior.sniff": {
				"priority": 3,
				"duration": 3.32,
				"sniffing_radius": 2000,
		"suspicion_radius_horizontal": 2000,
		"suspicion_radius_vertical": 2000,
				"cooldown_range": [
					2,
					2
				]
			},
			"minecraft:behavior.random_stroll": {
				"priority": 9,
				"speed_multiplier": 0.4
			},
      "minecraft:on_death": {
        "event": "on:death",
        "target": "self"
      },
			"minecraft:behavior.random_look_around": {
				"priority": 11
			},
			"minecraft:physics": {
			},
			"minecraft:follow_range": 2000,
			"minecraft:scale": {
				"value": 0.6
			},
      "minecraft:behavior.dig": {
        "priority": 1,
        "duration": 5.5,
        "idle_time": 60.0,
        "vibration_is_disturbance": true,
        "suspicion_is_disturbance": true,
        "digs_in_daylight": false,
        "on_start": {
          "event": "despawn",
          "target": "self"
        }
      },
			"minecraft:break_blocks": {
				"breakable_blocks": [
					"minecraft:bamboo_fence",
					"minecraft:bamboo_fence_gate",
					"minecraft:birch_fence",
					"minecraft:birch_fence_gate",
					"minecraft:cherry_fence",
					"minecraft:cherry_fence_gate",
					"minecraft:crimson_fence",
					"minecraft:crimson_fence_gate",
					"minecraft:dark_oak_fence",
					"minecraft:dark_oak_fence_gate",
					"minecraft:fence_gate",
					"minecraft:jungle_fence",
					"minecraft:jungle_fence_gate",
					"minecraft:mangrove_fence",
					"minecraft:mangrove_fence_gate",
					"minecraft:nether_brick_fence",
					"minecraft:oak_fence",
					"minecraft:spruce_fence",
					"minecraft:spruce_fence_gate",
					"minecraft:warped_fence",
					"minecraft:warped_fence_gate",
					"minecraft:iron_bars",
					"minecraft:glass",
					"minecraft:glass_pane",
					"minecraft:acacia_fence",
					"minecraft:acacia_fence_gate",
					"minecraft:green_stained_glass_pane",
					"minecraft:green_stained_glass",
					"minecraft:black_stained_glass",
					"minecraft:black_stained_glass_pane",
					"minecraft:blue_stained_glass",
					"minecraft:blue_stained_glass_pane",
					"minecraft:brown_stained_glass",
					"minecraft:brown_stained_glass_pane",
					"minecraft:cyan_stained_glass",
					"minecraft:cyan_stained_glass_pane",
					"minecraft:gray_stained_glass",
					"minecraft:gray_stained_glass_pane",
					"minecraft:light_blue_stained_glass",
					"minecraft:light_blue_stained_glass_pane",
					"minecraft:light_gray_stained_glass",
					"minecraft:light_gray_stained_glass_pane",
					"minecraft:lime_stained_glass",
					"minecraft:lime_stained_glass_pane",
					"minecraft:magenta_stained_glass",
					"minecraft:magenta_stained_glass_pane",
					"minecraft:orange_stained_glass",
					"minecraft:orange_stained_glass_pane",
					"minecraft:pink_stained_glass",
					"minecraft:pink_stained_glass_pane",
					"minecraft:purple_stained_glass",
					"minecraft:purple_stained_glass_pane",
					"minecraft:red_stained_glass",
					"minecraft:red_stained_glass_pane",
					"minecraft:tinted_glass",
					"minecraft:white_stained_glass",
					"minecraft:white_stained_glass_pane",
					"minecraft:yellow_stained_glass",
					"minecraft:yellow_stained_glass_pane",
					"minecraft:bamboo",
					"minecraft:cactus",
					"minecraft:lightning_rod",
					"minecraft:end_rod",
					"minecraft:web",
					"minecraft:chain",
					"minecraft:flower_pot",
					"azalea_leaves",
					"azalea_leaves_flowered",
					"cherry_leaves",
					"mangrove_leaves",
					"minecraft:acacia_trapdoor",
					"minecraft:bamboo_trapdoor",
					"minecraft:birch_trapdoor",
					"minecraft:cherry_trapdoor",
					"minecraft:crimson_trapdoor",
					"minecraft:dark_oak_trapdoor",
					"minecraft:iron_trapdoor",
					"minecraft:jungle_trapdoor",
					"minecraft:mangrove_trapdoor",
					"minecraft:spruce_trapdoor",
					"minecraft:trapdoor",
					"minecraft:warped_trapdoor",
					"leaves",
					"leaves2",
					"minecraft:anvil",
					"minecraft:pointed_dripstone"
				]
			},
			"minecraft:pushable": {
				"is_pushable": true,
				"is_pushable_by_piston": true
			},
			"minecraft:behavior.float": {
				"priority": 0
			},
			"minecraft:fire_immune": {},
        "minecraft:damage_sensor": {
        "triggers": {
          "cause": "all",
          "deals_damage" : false
            }
         }},
        "events":  {
            "minecraft:entity_spawned":  {
                "sequence":  [
                    {
                        "filters":  {
                            "test":  "has_component",
                            "operator":  "!=",
                            "value":  "minecraft:variant"
                        },
                        "randomize":  [
                            {
                                "weight":  50,
                                "add":  {
                                    "component_groups":  [
                                        "light"
                                    ]
                                }
                            },
                            {
                                "weight":  1,
                                "add":  {
                                    "component_groups":  [
                                        "goji:spawn_as_queen"
                                    ]
                                }
                            },
                            {
                                "weight":  49,
                                "add":  {
                                    "component_groups":  [
                                        "dark"
                                    ]
                                }
                            }
                        ]
                    }
                ]
            },
            "goji:trigger":  {
                "sequence":  [
                    {
                        "randomize":  [
                            {
                                "weight":  25,
                                "add":  {
                                    "component_groups":  [
                                        "goji:trigger"
                                    ]
                                }
                            },
                            {
                                "weight":  25,
                                "add":  {
                                    "component_groups":  [
                                        "goji:block_trigger"
                                    ]
                                }
                            },
                            {
                                "weight":  25,
                                "add":  {
                                    "component_groups":  [
                                        "goji:running_trigger"
                                    ]
                                }
                            }
                        ]
                    }
                ]
          },
    "on:death": {
        "add": {
          "component_groups": ["goji:death"]
        },
         "queue_command" :{
           "command" : ["particle gojidraw:blood_splatter","playsound mob.death_angel.blood_splat @a[r=54]"]
              }
      },
    "goji:drown": {
        "add": {
          "component_groups": ["goji:drown"]
        }
    },
    "despawn": {
        "add": {
          "component_groups": ["despawn"]
        }
      }
        }
	}
}