{
	"format_version": "1.10.0",
	"particle_effect": {
		"description": {
			"identifier": "goji:blood_splat",
			"basic_render_parameters": {
				"material": "particles_blend",
				"texture": "textures/particles/goji_blood"
			}
		},
		"components": {
			"minecraft:emitter_rate_instant": {
				"num_particles": 20
			},
			"minecraft:emitter_lifetime_once": {
				"active_time": 1
			},
			"minecraft:emitter_shape_point": {
			    "offset": [ "Math.random(-variable.emitter_radius, variable.emitter_radius)", "Math.random(-variable.emitter_radius, variable.emitter_radius)", "Math.random(-variable.emitter_radius, variable.emitter_radius)" ],
				"direction": ["math.random(1,-1)", "math.random(8,6)", "math.random(1,-1)"]
			},
			"minecraft:particle_lifetime_expression": {
				"max_lifetime": "math.random(20,50)"
			},
			"minecraft:particle_initial_spin": {
				"rotation": "math.random(-180, 180)"
			},
			"minecraft:particle_initial_speed": "math.random(7,6)",
			"minecraft:particle_motion_dynamic": {
				"linear_acceleration": [0, -10, 0],
				"linear_drag_coefficient": 0.3
			},
			"minecraft:particle_appearance_billboard": {
				"size": ["variable.particle_random_1 * 2.5", "variable.particle_random_1 * 2.5"],
				"facing_camera_mode": "emitter_transform_xz",
				"uv": {
					"texture_width": 16,
					"texture_height": 16,
					"uv": [0, 0],
					"uv_size": [16, 16]
				}
			},
			"minecraft:particle_motion_collision": {
				"collision_drag": 1,
				"collision_radius": 0.025,
				"coefficient_of_restitution": 0.15
			},
			"minecraft:particle_appearance_lighting": {},
			"minecraft:particle_appearance_tinting": {
				"color": {
					"interpolant": "v.particle_age / v.particle_lifetime",
					"gradient": {
						"0.0": "#EBFF0000",
						"0.57": "#C7B50000",
						"1.0": "#00110000"
					}
				}
			}
		}
	}
}