{
	"format_version": "1.10.0",
	"particle_effect": {
		"description": {
			"identifier": "goji:shockwave_ground_range",
			"basic_render_parameters": {
				"material": "particles_add",
				"texture": "textures/particles/shockwave"
			}
		},
		"components": {
			"minecraft:emitter_local_space": {
				"position": true
			},
			"minecraft:emitter_rate_instant": {
				"num_particles": 1
			},
			"minecraft:emitter_lifetime_once": {
				"active_time": 1.6
			},
			"minecraft:emitter_shape_point": {},
			"minecraft:particle_lifetime_expression": {
				"max_lifetime": 0.5
			},
			"minecraft:particle_initial_speed": 0,
			"minecraft:particle_motion_dynamic": {},
			"minecraft:particle_appearance_billboard": {
				"size": ["1+(variable.particle_age * 20)", "1+(variable.particle_age * 20)"],
				"facing_camera_mode": "lookat_xyz",
				"uv": {
					"texture_width": 1,
					"texture_height": 1,
					"uv": [0, 0],
					"uv_size": [1, 1]
				}
			},
			"minecraft:particle_appearance_lighting": {},
			"minecraft:particle_appearance_tinting": {
				"color": {
					"interpolant": "variable.particle_age/variable.particle_lifetime",
					"gradient": {
						"0.0": "#A3FFFFFF",
						"0.15": "#A3FFFFFF",
						"1.0": "#00FFFFFF"
					}
				}
			}
		}
	}
}