{
	"format_version": "1.10.0",
	"particle_effect": {
		"description": {
			"identifier": "gojidraw:explosion_dust",
			"basic_render_parameters": {
				"material": "particles_alpha",
				"texture": "textures/particles/meteor/dust"
			}
		},
		"components": {
			"minecraft:emitter_local_space": {
				"position": true,
				"rotation": true
			},
			"minecraft:emitter_rate_steady": {
				"spawn_rate": 40,
				"max_particles": 1000
			},
			"minecraft:emitter_lifetime_once": {
				"active_time": 4
			},
			"minecraft:emitter_shape_disc": {
				"offset": [0, "math.random(-2, 2)", 0],
				"radius": "math.random(0.3, 7.4)",
				"surface_only": true,
				"direction": ["math.random(-0.1, 0.1)", -1, "math.random(-0.1, 0.1)"]
			},
			"minecraft:particle_lifetime_expression": {
				"max_lifetime": "math.pow(math.random(1.4, 3), 2)"
			},
			"minecraft:particle_initial_spin": {
				"rotation": "math.random(-180, 180)",
				"rotation_rate": "math.random(-25, 25)"
			},
			"minecraft:particle_initial_speed": "math.random(10, 20)",
			"minecraft:particle_motion_dynamic": {
				"linear_acceleration": [0, "0.2 + v.particle_random_3 * 2", 0],
				"linear_drag_coefficient": "2.4 + v.particle_random_1 * 2"
			},
			"minecraft:particle_appearance_billboard": {
				"size": ["0.8 + v.particle_random_2 * 0.5", "0.8 + v.particle_random_2* 0.5"],
				"facing_camera_mode": "rotate_xyz",
				"uv": {
					"texture_width": 32,
					"texture_height": 256,
					"flipbook": {
						"base_UV": ["math.floor(v.particle_random_4 * 2) * 16", 0],
						"size_UV": [16, 16],
						"step_UV": [0, 16],
						"frames_per_second": 10,
						"max_frame": 16,
						"stretch_to_lifetime": true
					}
				}
			},
			"minecraft:particle_motion_collision": {
				"collision_radius": 0.48
			},
			"minecraft:particle_appearance_lighting": {},
			"minecraft:particle_appearance_tinting": {
				"color": {
					"interpolant": "v.particle_random_3",
					"gradient": {
						"0.0": "#FFBDC2C6",
						"1.0": "#ffffffff"
					}
				}
			}
		}
	}
}