{
	"format_version": "1.10.0",
	"particle_effect": {
		"description": {
			"identifier": "gojidraw:explosion_rings_large",
			"basic_render_parameters": {
				"material": "particles_blend",
				"texture": "textures/particles/meteor/rings"
			}
		},
		"curves": {
			"variable.size": {
				"type": "linear",
				"input": "v.particle_age",
				"horizontal_range": "v.particle_lifetime",
				"nodes": [0, 1.05, 1.52, 1.62]
			}
		},
		"components": {
			"minecraft:emitter_rate_instant": {
				"num_particles": 1
			},
			"minecraft:emitter_lifetime_once": {
				"active_time": 1
			},
			"minecraft:emitter_shape_point": {},
			"minecraft:particle_lifetime_expression": {
				"max_lifetime": 1.3
			},
			"minecraft:particle_initial_spin": {
				"rotation": "math.random(0, 40)",
				"rotation_rate": 2
			},
			"minecraft:particle_initial_speed": 0,
			"minecraft:particle_motion_dynamic": {},
			"minecraft:particle_appearance_billboard": {
				"size": [6, 6],
				"facing_camera_mode": "rotate_xyz",
				"uv": {
					"texture_width": 16,
					"texture_height": 96,
					"flipbook": {
						"base_UV": [0, 0],
						"size_UV": [16, 16],
						"step_UV": [0, 16],
						"frames_per_second": 4,
						"max_frame": 6,
						"stretch_to_lifetime": true
					}
				}
			},
			"minecraft:particle_appearance_tinting": {
				"color": {
					"interpolant": "v.particle_age / v.particle_lifetime",
					"gradient": {
						"0.0": "#9CFFFFFF",
						"0.37": "#FFFFF3D7",
						"0.73": "#D9FFC786",
						"1.0": "#1FFFC5B3"
					}
				}
			}
		}
	}
}