{
	"format_version": "1.10.0",
	"particle_effect": {
		"description": {
			"identifier": "gojidraw:explosion_sparks_large",
			"basic_render_parameters": {
				"material": "particles_alpha",
				"texture": "textures/particles/meteor/sparks"
			}
		},
		"curves": {
			"variable.size": {
				"type": "linear",
				"input": "v.particle_age",
				"horizontal_range": "v.particle_lifetime",
				"nodes": [0, 1.05, 1.52, 1.62]
			}
		},
		"components": {
			"minecraft:emitter_rate_steady": {
				"spawn_rate": 600,
				"max_particles": 200
			},
			"minecraft:emitter_lifetime_once": {
				"active_time": 0.2
			},
			"minecraft:emitter_shape_point": {},
			"minecraft:particle_lifetime_expression": {
				"max_lifetime": "math.random(0.6, 2)"
			},
			"minecraft:particle_initial_spin": {
				"rotation": -90
			},
			"minecraft:particle_initial_speed": "math.random(8, 21)",
			"minecraft:particle_motion_dynamic": {
				"linear_acceleration": [0, -3, 0],
				"linear_drag_coefficient": 1.4
			},
			"minecraft:particle_appearance_billboard": {
				"size": ["0.03 + v.particle_random_4 * 0.03", 1.8],
				"facing_camera_mode": "lookat_direction",
				"uv": {
					"texture_width": 16,
					"texture_height": 16,
					"flipbook": {
						"base_UV": [0.1, 0],
						"size_UV": [0.8, 16],
						"step_UV": [1, 0],
						"frames_per_second": 11,
						"max_frame": 8,
						"stretch_to_lifetime": true
					}
				}
			},
			"minecraft:particle_appearance_tinting": {
				"color": {
					"interpolant": "v.particle_age / v.particle_lifetime",
					"gradient": {
						"0.0": "#1FFFFFFF",
						"0.15": "#9CFFFFFF",
						"0.48": "#FFFFF3D7",
						"0.73": "#9EFFC786",
						"1.0": "#14FF8F6D"
					}
				}
			}
		}
	}
}