{
	"format_version": "1.10.0",
	"particle_effect": {
		"description": {
			"identifier": "gojidraw:explosion_smoke_large",
			"basic_render_parameters": {
				"material": "particles_alpha",
				"texture": "textures/particles/meteor/smoke"
			}
		},
		"curves": {
			"variable.psize": {
				"type": "catmull_rom",
				"input": "v.particle_age",
				"horizontal_range": "v.particle_lifetime",
				"nodes": [-0.18, 0.1, 0.52, 0.7, 1, 0.73, 1, 1.51]
			}
		},
		"components": {
			"minecraft:emitter_local_space": {
				"position": true,
				"rotation": true
			},
			"minecraft:emitter_rate_instant": {
				"num_particles": 210
			},
			"minecraft:emitter_lifetime_once": {
				"active_time": 2
			},
			"minecraft:emitter_shape_sphere": {
				"offset": [0, 0, "math.random(0, 0.5)"],
				"radius": 0.2,
				"direction": "outwards"
			},
			"minecraft:particle_lifetime_expression": {
				"max_lifetime": "math.pow(math.random(0.7, 1.4), 3)"
			},
			"minecraft:particle_initial_spin": {
				"rotation": "math.random(-180, 180)",
				"rotation_rate": "math.random(-25, 25)"
			},
			"minecraft:particle_initial_speed": "math.pow(math.random(3, 5.5), 2)",
			"minecraft:particle_motion_dynamic": {
				"linear_acceleration": [0, 2, 0],
				"linear_drag_coefficient": "3.6 + v.particle_random_1 * 2"
			},
			"minecraft:particle_appearance_billboard": {
				"size": ["1.23 * v.psize", "1.23 * v.psize"],
				"facing_camera_mode": "rotate_xyz",
				"uv": {
					"texture_width": 32,
					"texture_height": 512,
					"flipbook": {
						"base_UV": ["math.floor(v.particle_random_4 * 2) * 16", 0],
						"size_UV": [16, 16],
						"step_UV": [0, 16],
						"frames_per_second": 10,
						"max_frame": 32,
						"stretch_to_lifetime": true
					}
				}
			},
			"minecraft:particle_appearance_lighting": {},
			"minecraft:particle_appearance_tinting": {
				"color": [1, 1, 1, 1]
			}
		}
	}
}