{
	"format_version": "1.10.0",
	"particle_effect": {
		"description": {
			"identifier": "gojidraw:explosion_melt_large",
			"basic_render_parameters": {
				"material": "particles_add",
				"texture": "textures/particles/meteor/melt"
			}
		},
		"curves": {
			"variable.size": {
				"type": "linear",
				"input": "v.particle_age",
				"horizontal_range": "v.particle_lifetime",
				"nodes": [0, 1.05, 1.52, 1.62]
			}
		},
		"components": {
			"minecraft:emitter_rate_instant": {
				"num_particles": 8
			},
			"minecraft:emitter_lifetime_once": {
				"active_time": 1
			},
			"minecraft:emitter_shape_sphere": {
				"radius": 3,
				"direction": "outwards"
			},
			"minecraft:particle_lifetime_expression": {
				"max_lifetime": "math.random(0.4, 0.63)"
			},
			"minecraft:particle_initial_spin": {
				"rotation": "math.random(-100, 100)"
			},
			"minecraft:particle_initial_speed": 0,
			"minecraft:particle_motion_dynamic": {},
			"minecraft:particle_appearance_billboard": {
				"size": ["4 * variable.size", "4 * variable.size"],
				"facing_camera_mode": "rotate_xyz",
				"uv": {
					"texture_width": 16,
					"texture_height": 16,
					"uv": [0, 0],
					"uv_size": [16, 16]
				}
			},
			"minecraft:particle_appearance_tinting": {
				"color": {
					"interpolant": "v.particle_age / v.particle_lifetime",
					"gradient": {
						"0.0": "#1FFFFFFF",
						"0.15": "#73FFFFFF",
						"0.48": "#FFFFF3D7",
						"0.73": "#6BFFC786",
						"1.0": "#14FF8F6D"
					}
				}
			}
		}
	}
}