{
	"format_version": "1.20.20",
	"sound_definitions": {
		"mob.death_angel.attack": {
			"category": "hostile",
			"max_distance": 50,
			"sounds": [
				"sounds/the_death_angel/attack"
			]
		},
		"mob.death_angel.hurt": {
			"category": "hostile",
			"max_distance": 50,
			"sounds": [
				"sounds/the_death_angel/hit"
			],
					"volume": 100
		},
		"mob.death_angel.blood_splat": {
			"category": "hostile",
			"max_distance": 50,
      "sounds": [
        {
          "name": "sounds/blood_splat/blood_splat1"
        },
        {
          "name": "sounds/blood_splat/blood_splat2"
        },
        {
          "name": "sounds/blood_splat/blood_splat3"
        }
      ],
					"volume": 100
		},
		"mob.death_angel.explosion": {
			"category": "hostile",
			"max_distance": 50,
			"sounds": [
				"sounds/the_death_angel/explosion"
			]
		},
		"mob.death_angel.win_win": {
			"category": "hostile",
			"max_distance": 50,
			"sounds": [
				"sounds/win_win"
			]
		},
	"mob.death_angel.hearing_aid": {
			"category": "hostile",
			"max_distance": 80,
			"sounds": [
				"sounds/hearing_aid"
			]
		},
	"mob.death_angel.speaker": {
			"category": "hostile",
			"max_distance": 80,
			"sounds": [
				"sounds/hearing_aid"
			],
					"volume": 10
		},
		"mob.death_angel.death": {
			"category": "hostile",
			"max_distance": 50,
			"sounds": [
				"sounds/the_death_angel/death"
			]
		},
		"mob.death_angel.drowning": {
			"category": "hostile",
			"max_distance": 50,
			"sounds": [
				"sounds/the_death_angel/drowning"
			]
		},
		"mob.death_angel.queen_death": {
			"category": "hostile",
			"max_distance": 50,
			"sounds": [
				"sounds/the_death_angel/queen_death"
			],
					"volume": 10
		},
		"mob.death_angel.trigger": {
			"category": "hostile",
			"max_distance": 50,
			"sounds": [
				"sounds/the_death_angel/trigger"
			]
		},
		"mob.death_angel.death": {
			"category": "hostile",
			"max_distance": 160,
			"sounds": [
				"sounds/the_death_angel/death"
			]
		},
		"mob.death_angel.hurt": {
			"category": "hostile",
			"max_distance": 0,
			"sounds": [
				"sounds/the_death_angel/hurt"
			]
		},
		"mob.death_angel.roar": {
			"category": "hostile",
			"max_distance": 80,
			"sounds": [
				{
					"name": "sounds/the_death_angel/roar",
					"volume": 0.5
				}
			]
		},
		"mob.queen_death_angel.roar": {
			"category": "hostile",
			"max_distance": 80,
			"sounds": [
				{
					"name": "sounds/the_death_angel/queen_roar",
					"volume": 10
				}
			]
		},
		"mob.death_angel.clicking": {
			"category": "hostile",
			"max_distance": 80,
			"sounds": [
				{
					"name": "sounds/the_death_angel/clicking",
					"volume": 0.5
				}
			]
		},
		"mob.death_angel.sniff": {
			"category": "hostile",
			"max_distance": 80,
			"sounds": [
				{
					"name": "sounds/the_death_angel/sniff",
					"volume": 0.5
				}
			]
		},
    "mob.death_angel.step": {
      "category": "hostile",
	"max_distance": 80,
      "sounds": [
        {
          "name": "sounds/the_death_angel/step1"
        },
        {
          "name": "sounds/the_death_angel/step2"
        },
        {
          "name": "sounds/the_death_angel/step3"
        }
      ]
    },
    "mob.death_angel.ambient": {
      "category": "hostile",
	"max_distance": 80,
      "sounds": [
        "empty",
        "empty",
        "empty",
        {
          "name": "sounds/the_death_angel/idle2"
        },
        {
          "name": "sounds/the_death_angel/idle6"
        },
        {
          "name": "sounds/the_death_angel/idle12"
        },
        {
          "name": "sounds/the_death_angel/idle13"
        },
        {
          "name": "sounds/the_death_angel/idle14"
        },
        {
          "name": "sounds/the_death_angel/idle15"
        }
      ]
    }
	}
}