{
	"format_version": "1.8.0",
	"animations": {
		"animation.gojidraw_meteorite.st": {
			"loop": true,
			"animation_length": 0.2083,
			"bones": {
				"Root": {
					"rotation": [82.5, 0, 0],
					"position": [-9, 9, 12],
					"scale": [1.6, 2.2, 1]
				}
			},
			"particle_effects": {
				"0.0": [
					{
						"effect": "fire_trail",
						"locator": "move"
					},
					{
						"effect": "fire_trail",
						"locator": "move2"
					},
					{
						"effect": "fire_trail",
						"locator": "move3"
					},
					{
						"effect": "fire_trail",
						"locator": "move4"
					},
					{
						"effect": "fire_trail",
						"locator": "move"
					},
					{
						"effect": "fire_trail",
						"locator": "move4"
					}
				],
				"0.0417": [
					{
						"effect": "smoke_trail",
						"locator": "move"
					},
					{
						"effect": "smoke_trail",
						"locator": "move4"
					},
					{
						"effect": "smoke_trail",
						"locator": "move3"
					},
					{
						"effect": "smoke_trail",
						"locator": "move2"
					}
				]
			}
		}
	}
}