{
	"format_version": "1.8.0",
	"animations": {
		"animation.gojidraw_speaker.st": {
			"loop": true,
			"animation_length": 0.0833,
			"bones": {
				"Root": {
					"position": [0, -2, 0],
					"scale": 0.5
				}
			}
		},
		"animation.gojidraw_speaker.st2": {
			"loop": true,
			"animation_length": 1.8333,
			"bones": {
				"Root": {
					"position": {
						"0.0": [0, -2, 0],
						"0.125": [0, -2, 0],
						"0.25": [0, -2, 0],
						"0.375": [0, -2, 0],
						"0.5": [0, -2, 0],
						"0.625": [0, -2, 0],
						"0.75": [0, -2, 0],
						"0.875": [0, -2, 0],
						"1.0": [0, -2, 0],
						"1.125": [0, -2, 0],
						"1.25": [0, -2, 0],
						"1.375": [0, -2, 0],
						"1.5": [0, -2, 0],
						"1.625": [0, -2, 0],
						"1.75": [0, -2, 0]
					},
					"scale": {
						"0.0": [0.5, 0.5, 0.5],
						"0.0417": [0.52, 0.5, 0.52],
						"0.0833": [0.5, 0.5, 0.5],
						"0.125": [0.5, 0.5, 0.5],
						"0.1667": [0.52, 0.5, 0.52],
						"0.2083": [0.5, 0.5, 0.5],
						"0.25": [0.5, 0.5, 0.5],
						"0.2917": [0.52, 0.5, 0.52],
						"0.3333": [0.5, 0.5, 0.5],
						"0.375": [0.5, 0.5, 0.5],
						"0.4167": [0.52, 0.5, 0.52],
						"0.4583": [0.5, 0.5, 0.5],
						"0.5": [0.5, 0.5, 0.5],
						"0.5417": [0.52, 0.5, 0.52],
						"0.5833": [0.5, 0.5, 0.5],
						"0.625": [0.5, 0.5, 0.5],
						"0.6667": [0.52, 0.5, 0.52],
						"0.7083": [0.5, 0.5, 0.5],
						"0.75": [0.5, 0.5, 0.5],
						"0.7917": [0.52, 0.5, 0.52],
						"0.8333": [0.5, 0.5, 0.5],
						"0.875": [0.5, 0.5, 0.5],
						"0.9167": [0.52, 0.5, 0.52],
						"0.9583": [0.5, 0.5, 0.5],
						"1.0": [0.5, 0.5, 0.5],
						"1.0417": [0.52, 0.5, 0.52],
						"1.0833": [0.5, 0.5, 0.5],
						"1.125": [0.5, 0.5, 0.5],
						"1.1667": [0.52, 0.5, 0.52],
						"1.2083": [0.5, 0.5, 0.5],
						"1.25": [0.5, 0.5, 0.5],
						"1.2917": [0.52, 0.5, 0.52],
						"1.3333": [0.5, 0.5, 0.5],
						"1.375": [0.5, 0.5, 0.5],
						"1.4167": [0.52, 0.5, 0.52],
						"1.4583": [0.5, 0.5, 0.5],
						"1.5": [0.5, 0.5, 0.5],
						"1.5417": [0.52, 0.5, 0.52],
						"1.5833": [0.5, 0.5, 0.5],
						"1.625": [0.5, 0.5, 0.5],
						"1.6667": [0.52, 0.5, 0.52],
						"1.7083": [0.5, 0.5, 0.5],
						"1.75": [0.5, 0.5, 0.5],
						"1.7917": [0.52, 0.5, 0.52],
						"1.8333": [0.5, 0.5, 0.5]
					}
				}
			},
			"sound_effects": {
				"0.0": [
					{
						"effect": "sound"
					},
					{
						"effect": "sound"
					},
					{
						"effect": "sound"
					},
					{
						"effect": "sound"
					}
				]
			},
			"particle_effects": {
				"0.0": {
					"effect": "shockwave",
					"locator": "shockwave"
				},
				"0.5": {
					"effect": "shockwave",
					"locator": "shockwave"
				},
				"1.0": {
					"effect": "shockwave",
					"locator": "shockwave"
				},
				"1.5": {
					"effect": "shockwave",
					"locator": "shockwave"
				}
			}
		}
	}
}