{
	"format_version": "1.8.0",
	"minecraft:spawn_rules": {
		"description": {
			"identifier": "gojidraw:spawn_meteorite",
			"population_control": "animal"
		},
		"conditions": [
			{
				"minecraft:spawns_on_surface": {},
				"minecraft:brightness_filter": {
					"min": 0,
					"max": 12,
					"adjust_for_weather": true
				},
				"minecraft:difficulty_filter": {
					"min": "easy",
					"max": "hard"
				},
				"minecraft:spawns_on_block_filter": [
					"dirt",
					"stone",
					"grass"
				],
        "minecraft:herd": {
          "min_size": 1,
          "max_size": 1
        },
				"minecraft:weight": {
					"default": 15
				},
				"minecraft:density_limit": {
					"surface": 5,
					"underground": 0
				},
				"minecraft:biome_filter": {
					"test": "has_biome_tag",
					"operator": "==",
					"value": "animal"
				}
			}
		]
	}
}