{
    "format_version":  "1.10.0",
    "minecraft:client_entity":  {
        "description":  {
            "identifier":  "gojidraw:speaker_on",
            "materials":  {
                "default":  "entity_emissive_alpha"
            },
            "textures":  {
                "default":  "textures/items/gojidraw_speaker"
            },
            "geometry":  {
                "default":  "geometry.gojidraw_speaker"
      },
          "particle_effects": {
              "shockwave": "goji:shockwave_ground_range"
            },
			"sound_effects": {
				"sound": "mob.death_angel.speaker"
			},
            "scripts":  {
                "animate":  [
                    "st"
                ]
            },
            "animations":  {
                "st":  "animation.gojidraw_speaker.st2"
            },
            "render_controllers":  [
                "controller.render.witch"
            ],
            "spawn_egg":  {
                "texture":  "sbgoji:not",
                "texture_index":  0
            }
        }
    }
}
