{
    "format_version": "1.10.0",
    "minecraft:attachable": {
        "description": {
            "identifier": "gojidraw:death_angel_armor_helmet",
            "materials": {
                "default": "entity_alphatest"
            },
            "textures": {
                "default": "textures/items/death_angel_armor"
            },
            "geometry": {
                "default": "geometry.death_angel_helmet"
            },
            "render_controllers": [
                "controller.render.default"
            ]
        }
    }
}