{
	"format_version": "1.10.0",
	"minecraft:attachable": {
		"description": {
			"identifier": "gojidraw:death_angel_sword",
			"materials": {
				"default": "entity_alphatest",
				"enchanted": "entity_alphatest_glint"
			},
			"textures": {
				"default": "textures/items/gojidraw_death_angel_sword",
				"enchanted": "textures/misc/enchanted_item_glint"
			},
			"geometry": {
				"default": "geometry.gojidraw_death_angel_sword"
			},
			"render_controllers": [
				"controller.render.item_default"
			]
		}
	}
}