{
    "format_version": "1.10.0",
    "minecraft:attachable": {
        "description": {
            "identifier": "gojidraw:death_angel_sword",
            "materials": {
                "default": "entity_alphatest"
            },
      "textures": {
        "default": "textures/items/gojidraw_death_angel_sword"
      },
            "geometry": {
                "default": "geometry.gojidraw_death_angel_sword"
            },
            "render_controllers": [
                "controller.render.item_default"
            ]
        }
    }
}