{
	"format_version": "1.10.0",
	"minecraft:attachable": {
		"description": {
			"identifier": "gojidraw:hearing_aid",
			"materials": {
				"default": "entity_alphatest",
				"enchanted": "entity_alphatest_glint"
			},
			"textures": {
				"default": "textures/items/gojidraw_hearing_aid_m",
				"enchanted": "textures/misc/enchanted_item_glint"
			},
			"geometry": {
				"default": "geometry.gojidraw_hearing_aid_m"
			},
			"render_controllers": ["controller.render.item_default"]
		}
	}
}