{
	"format_version": "1.20.30",
	"minecraft:entity": {
		"description": {
			"identifier": "gojidraw:queen_death_angel",
			"is_spawnable": false,
			"is_summonable": true,
			"is_experimental": false,
			"runtime_identifier": "minecraft:warden",
			"scripts": {
				"animate": [
					"attack",
					{
						"step": "query.is_moving"
					},
					"roar"
				]
			},
			"animations": {
				"attack": "controller.animation.queen_death_angel.melee_attacking",
				"roar": "controller.animation.queen_death_angel.roar",
				"step": "animation.queen_death_angel.step"
			}
		},
		"component_groups": {
			"goji:stop_triggering": {
				"minecraft:damage_sensor": {
					"triggers": {
						"cause": "all",
						"deals_damage": false
					}
				},
				"minecraft:pushable": {
					"is_pushable": false,
					"is_pushable_by_piston": true
				},
				"minecraft:behavior.random_stroll": {
					"priority": 9,
					"speed_multiplier": 0.6
				},
				"minecraft:mark_variant": {
					"value": 0
				},
				"minecraft:movement": {
					"value": 0.3
				},
				"minecraft:behavior.delayed_attack": {
					"priority": 4,
					"speed_multiplier": 2,
					"melee_fov": 360,
					"attack_once": false,
					"reach_multiplier": 11,
					"attack_duration": 2,
					"hit_delay_pct": 1
				},
				"minecraft:behavior.roar": {
					"priority": 2,
					"duration": 4.2
				},
				"minecraft:behavior.random_look_around": {
					"priority": 11
				}
			},
			"goji:triggering": {
				"minecraft:damage_sensor": {
					"triggers": [
						{ "cause": "anvil", "deals_damage": false },
						{ "cause": "block_explosion", "deals_damage": false },
						{ "cause": "drowning", "deals_damage": false },
						{ "cause": "entity_explosion", "deals_damage": false },
						{ "cause": "fall", "deals_damage": false },
						{ "cause": "falling_block", "deals_damage": false },
						{ "cause": "fire", "deals_damage": false },
						{ "cause": "fire_tick", "deals_damage": false },
						{ "cause": "fireworks", "deals_damage": false },
						{ "cause": "freezing", "deals_damage": false },
						{ "cause": "lava", "deals_damage": false },
						{ "cause": "lightning", "deals_damage": false },
						{ "cause": "piston", "deals_damage": false },
						{ "cause": "suffocation", "deals_damage": false },
						{ "cause": "thorns", "deals_damage": false },
						{ "cause": "void", "deals_damage": false },
						{ "cause": "wither", "deals_damage": false }
					]
				},
				"minecraft:behavior.random_stroll": {
					"priority": 0,
					"speed_multiplier": 0
				},
				"minecraft:behavior.random_look_around": {
					"priority": 0
				},
				"minecraft:movement": {
					"value": 0
				},
				"minecraft:pushable": {
					"is_pushable": false,
					"is_pushable_by_piston": true
				},
				"minecraft:behavior.delayed_attack": {
					"priority": 0,
					"speed_multiplier": 0,
					"melee_fov": 0,
					"attack_once": false,
					"reach_multiplier": 0,
					"attack_duration": 0,
					"hit_delay_pct": 0
				},
				"minecraft:behavior.roar": {
					"priority": 0,
					"duration": 0
				},
				"minecraft:mark_variant": {
					"value": 1
				},
				"minecraft:timer": {
					"looping": true,
					"randomInterval": true,
					"time": [4, 4],
					"time_down_event": {
						"event": "goji:stop_triggering"
					}
				}
			},
			"goji:death": {
				"minecraft:transformation": {
					"into": "gojidraw:dead_queen_death_angel<minecraft:entity_spawned>"
				}
			}
		},
		"components": {
			"minecraft:movement_sound_distance_offset": {
				"value": 0.75
			},
			"minecraft:experience_reward": {
				"on_bred": "math.random(1,7)",
				"on_death": "query.last_hit_by_player?5:0"
			},
			"minecraft:attack": {
				"damage": 1
			},
			"minecraft:vibration_listener": {},
			"minecraft:vibration_damper": {},
			"minecraft:suspect_tracking": {},
			"minecraft:anger_level": {
				"max_anger": 150,
				"angry_threshold": 75,
				"remove_targets_below_angry_threshold": true,
				"angry_boost": 80,
				"anger_decrement_interval": 100,
				"default_annoyingness": 100,
				"default_projectile_annoyingness": 70,
				"on_increase_sounds": [
					{
						"sound": "listening_angry",
						"condition": "query.anger_level(this)>=150"
					},
					{
						"sound": "listening",
						"condition": "query.anger_level(this)>=0"
					}
				],
				"nuisance_filter": {
					"all_of": [
						{
							"test": "is_family",
							"subject": "other",
							"operator": "not",
							"value": "gojidraw_death_angel"
						},
						{
							"test": "is_family",
							"subject": "other",
							"operator": "not",
							"value": "inanimate"
						}
					]
				}
			},
			"minecraft:is_hidden_when_invisible": {},
			"minecraft:type_family": {
				"family": [
					"gojidraw_death_angel",
					"queen_death_angel",
					"monster",
					"mob"
				]
			},
			"minecraft:breathable": {
				"total_supply": 15,
				"suffocate_time": 0
			},
			"minecraft:navigation.climb": {
				"avoid_damage_blocks": true,
				"can_break_doors": true,
				"can_path_over_water": false,
				"can_path_over_lava": true
			},
			"minecraft:preferred_path": {
				"max_fall_blocks": 20
			},
			"minecraft:ambient_sound_interval": {
				"value": 4,
				"range": 30,
				"event_name": "ambient",
				"event_names": [
					{
						"event_name": "angry",
						"condition": "query.anger_level(this)>=150"
					}
				]
			},
			"minecraft:heartbeat": {
				"interval": "2-math.clamp(53.333333333333336*query.anger_level,0,1.5)"
			},
			"minecraft:movement.basic": {},
			"minecraft:jump.static": {},
			"minecraft:can_climb": {},
			"minecraft:timer": {
				"looping": false,
				"randomInterval": true,
				"time": [1, 1],
				"time_down_event": {
					"event": "minecraft:entity_spawned"
				}
			},
			"minecraft:collision_box": {
				"width": 5.4,
				"height": 7.3
			},
			"minecraft:health": {
				"value": 450,
				"max": 450
			},
			"minecraft:movement": {
				"value": 0.3
			},
			"minecraft:knockback_resistance": {
				"value": 1
			},
			"minecraft:behavior.roar": {
				"priority": 2,
				"duration": 4.2
			},
			"minecraft:boss": {
				"should_darken_sky": false,
				"hud_range": 100,
				"name": "Queen Death Angel"
			},
			"minecraft:behavior.delayed_attack": {
				"priority": 4,
				"speed_multiplier": 2,
				"melee_fov": 360,
				"attack_once": false,
				"reach_multiplier": 11,
				"attack_duration": 2,
				"hit_delay_pct": 1
			},
			"minecraft:behavior.investigate_suspicious_location": {
				"priority": 5,
				"speed_multiplier": 0.4
			},
			"minecraft:behavior.sniff": {
				"priority": 3,
				"duration": 3.32,
				"sniffing_radius": 2000,
				"suspicion_radius_horizontal": 2000,
				"suspicion_radius_vertical": 2000,
				"cooldown_range": [2, 2]
			},
			"minecraft:behavior.random_stroll": {
				"priority": 9,
				"speed_multiplier": 0.6
			},
			"minecraft:on_death": {
				"event": "on:death",
				"target": "self"
			},
			"minecraft:behavior.random_look_around": {
				"priority": 11
			},
			"minecraft:physics": {
				"has_collision": true,
				"has_gravity": true
			},
			"minecraft:follow_range": 2000,
			"minecraft:break_blocks": {
				"breakable_blocks": [
					"minecraft:bamboo_fence",
					"minecraft:bamboo_fence_gate",
					"minecraft:birch_fence",
					"minecraft:birch_fence_gate",
					"minecraft:cherry_fence",
					"minecraft:cherry_fence_gate",
					"minecraft:crimson_fence",
					"minecraft:crimson_fence_gate",
					"minecraft:dark_oak_fence",
					"minecraft:dark_oak_fence_gate",
					"minecraft:fence_gate",
					"minecraft:jungle_fence",
					"minecraft:jungle_fence_gate",
					"minecraft:mangrove_fence",
					"minecraft:mangrove_fence_gate",
					"minecraft:nether_brick_fence",
					"minecraft:oak_fence",
					"minecraft:spruce_fence",
					"minecraft:spruce_fence_gate",
					"minecraft:warped_fence",
					"minecraft:warped_fence_gate",
					"minecraft:iron_bars",
					"minecraft:glass",
					"minecraft:glass_pane",
					"minecraft:acacia_fence",
					"minecraft:acacia_fence_gate",
					"minecraft:green_stained_glass_pane",
					"minecraft:green_stained_glass",
					"minecraft:black_stained_glass",
					"minecraft:black_stained_glass_pane",
					"minecraft:blue_stained_glass",
					"minecraft:blue_stained_glass_pane",
					"minecraft:brown_stained_glass",
					"minecraft:brown_stained_glass_pane",
					"minecraft:cyan_stained_glass",
					"minecraft:cyan_stained_glass_pane",
					"minecraft:gray_stained_glass",
					"minecraft:gray_stained_glass_pane",
					"minecraft:light_blue_stained_glass",
					"minecraft:light_blue_stained_glass_pane",
					"minecraft:light_gray_stained_glass",
					"minecraft:light_gray_stained_glass_pane",
					"minecraft:lime_stained_glass",
					"minecraft:lime_stained_glass_pane",
					"minecraft:magenta_stained_glass",
					"minecraft:magenta_stained_glass_pane",
					"minecraft:orange_stained_glass",
					"minecraft:orange_stained_glass_pane",
					"minecraft:pink_stained_glass",
					"minecraft:pink_stained_glass_pane",
					"minecraft:purple_stained_glass",
					"minecraft:purple_stained_glass_pane",
					"minecraft:red_stained_glass",
					"minecraft:red_stained_glass_pane",
					"minecraft:tinted_glass",
					"minecraft:white_stained_glass",
					"minecraft:white_stained_glass_pane",
					"minecraft:yellow_stained_glass",
					"minecraft:yellow_stained_glass_pane",
					"minecraft:bamboo",
					"minecraft:cactus",
					"minecraft:lightning_rod",
					"minecraft:end_rod",
					"minecraft:web",
					"minecraft:chain",
					"minecraft:flower_pot",
					"azalea_leaves",
					"azalea_leaves_flowered",
					"cherry_leaves",
					"mangrove_leaves",
					"minecraft:acacia_trapdoor",
					"minecraft:bamboo_trapdoor",
					"minecraft:birch_trapdoor",
					"minecraft:cherry_trapdoor",
					"minecraft:crimson_trapdoor",
					"minecraft:dark_oak_trapdoor",
					"minecraft:iron_trapdoor",
					"minecraft:jungle_trapdoor",
					"minecraft:mangrove_trapdoor",
					"minecraft:spruce_trapdoor",
					"minecraft:trapdoor",
					"minecraft:warped_trapdoor",
					"leaves",
					"leaves2",
					"minecraft:anvil",
					"minecraft:pointed_dripstone"
				]
			},
			"minecraft:pushable": {
				"is_pushable": false,
				"is_pushable_by_piston": true
			},
			"minecraft:behavior.float": {
				"priority": 0
			},
			"minecraft:scale": {
				"value": 1
			},
			"minecraft:fire_immune": {}
		},
		"events": {
			"minecraft:entity_spawned": {
				"add": {
					"component_groups": ["goji:stop_triggering"]
				}
			},
			"goji:big_trigger": {
				"add": {
					"component_groups": ["goji:triggering"]
				}
			},
			"goji:stop_triggering": {
				"add": {
					"component_groups": ["goji:stop_triggering"]
				}
			},
			"on:death": {
				"add": {
					"component_groups": ["goji:death"]
				},
				"queue_command": {
					"command": [
						"particle gojidraw:blood_splatter",
						"playsound mob.death_angel.blood_splat @a[r=54]"
					]
				}
			}
		}
	}
}