{
	"format_version": "1.20.30",
	"minecraft:entity": {
		"description": {
			"identifier": "gojidraw:trigger_queen_death_angel",
			"is_spawnable": false,
			"is_summonable": true,
			"is_experimental": false,
			"runtime_identifier": "minecraft:trigger"
		},
        "component_groups":  {
    "goji:stop_triggering": {
            "minecraft:transformation": {
                    "into": "gojidraw:queen_death_angel<minecraft:entity_spawned>"
                }
        },
    "goji:death": {
            "minecraft:transformation": {
                    "into": "gojidraw:dead_queen_death_angel<minecraft:entity_spawned>"
                },
				"minecraft:tick_world": {
					"distance_to_players": 128,
					"never_despawn": true
				}
        },
        "despawn": {
			"minecraft:instant_despawn": {
				"remove_child_entities":false
			}
		}
        },
		"components": {
			"minecraft:is_hidden_when_invisible": {},
			"minecraft:type_family": {
				"family": [
					"gojidraw_death_angel",
					"queen_death_angel",
					"monster",
					"mob"
				]
			},
			"minecraft:breathable": {
				"total_supply": 15,
				"suffocate_time": 0
			},
			"minecraft:preferred_path": {
				"max_fall_blocks": 20
			},
			"minecraft:can_climb": {},
      "minecraft:timer":{
    "looping": true,
    "randomInterval":true,
    "time": [15, 15],
    "time_down_event": {
        "event":"goji:stop_triggering"
             }
          },
			"minecraft:collision_box": {
				"width": 5.4,
				"height": 7.3
			},
			"minecraft:health": {
				"value": 150,
				"max": 150
			},
			"minecraft:movement": {
				"value": 0.0
			},
            "minecraft:loot":  {
                "table":  "loot_tables/entities/death_angel_loot.json"
            },
			"minecraft:knockback_resistance": {
				"value": 1
			},
			"minecraft:physics": {
				"has_collision": true,
				"has_gravity": true
			},
			"minecraft:follow_range": 60,
			"minecraft:scale": {
				"value": 1
			},
            "minecraft:boss":  {
                "should_darken_sky":  false,
                "hud_range":  100,
                "name":  "Queen Death Angel"
            },
			"minecraft:pushable": {
				"is_pushable": false,
				"is_pushable_by_piston": true
			},
      "minecraft:on_death": {
        "event": "on:death",
        "target": "self"
      },
			"minecraft:behavior.float": {
				"priority": 0
			},
			"minecraft:fire_immune": {}},
			
        "events":  {
    "minecraft:entity_spawned": {
        "add": {
          "component_groups": ["stop_triggering"]
        }
    },
    "goji:stop_triggering": {
        "add": {
          "component_groups": ["goji:stop_triggering"]
        }
      },
    "on:death": {
        "add": {
          "component_groups": ["goji:death"]
        }
      }
        }
	}
}