{
	"format_version": "1.10.0",
	"minecraft:entity": {
		"description": {
			"identifier": "gojidraw:queen_death_angel_head",
			"is_spawnable": false,
			"is_summonable": true,
			"is_experimental": false,
			"runtime_identifier": "minecraft:head"
		},
        "component_groups":  {
			"drop_self": {
				"minecraft:spawn_entity": {
					"entities": [
						{
							"spawn_item": "gojidraw:queen_death_angel_head_item",
							"max_wait_time": 0,
							"min_wait_time": 0,
							"single_use": true
						}
					]
				}
			},
        "despawn": {
			"minecraft:instant_despawn": {
				"remove_child_entities":false
			}
		}
        },
		"components": {
			"minecraft:is_hidden_when_invisible": {},
			"minecraft:type_family": {
				"family": [
					"inanimate",
					"mob"
				]
			},
			"minecraft:collision_box": {
				"width": 1,
				"height": 1
			},
			"minecraft:health": {
				"value": 99,
				"max": 99
			},
			"minecraft:movement": {
				"value": 0.0
			},
			"minecraft:knockback_resistance": {
				"value": 1
			},
			"minecraft:jump.static": {
				"jump_power": 0
			},
            "minecraft:damage_sensor":  {
                "on_damage":  {
                    "filters":  {
                        "test":  "is_family",
                        "subject":  "other",
                        "value":  "player"
                    },
                    "event":  "goji:drop_self"
                },
                "deals_damage":  true
            },
			"minecraft:physics": {
				"has_collision": true,
				"has_gravity": true
			},
			"minecraft:pushable": {
				"is_pushable": false,
				"is_pushable_by_piston": true
			},
      "minecraft:on_death": {
        "event": "on:death",
        "target": "self"
      },
			"minecraft:behavior.float": {
				"priority": 0
			},
			"minecraft:fire_immune": {}
		},
        "events":  {
    "goji:drop_self": {
        "add": {
          "component_groups": ["drop_self","despawn"]
        }
      }
        }
	}
}