{
  "format_version": "1.10",
  "minecraft:entity": {
    "description": {
      "identifier": "gojidraw:dead_queen_death_angel",
      "is_spawnable": false,
      "is_summonable": true,
      "is_experimental": false
    },
    "component_groups": {
      "despawn": {
			"minecraft:instant_despawn": {
				"remove_child_entities":false
			},
				"minecraft:spawn_entity": {
					"entities": [
						{
							"min_wait_time": 0.1,
							"max_wait_time": 0.1,
							"single_use": false,
							"spawn_entity": "xp_orb",
							"num_to_spawn": 200
						},
							{
							"spawn_item": "gojidraw:death_angel_carapace",
							"num_to_spawn": 16,
							"max_wait_time": 0,
							"min_wait_time": 0,
							"single_use": true
						},
							{
							"spawn_item": "gojidraw:queen_death_angel_claw",
							"num_to_spawn": 1,
							"max_wait_time": 0,
							"min_wait_time": 0,
							"single_use": true
						},
							{
							"spawn_item": "gojidraw:queen_death_angel_head_item",
							"num_to_spawn": 1,
							"max_wait_time": 0,
							"min_wait_time": 0,
							"single_use": true
						}
					]
				}
		}
					},
    "components": {
			"minecraft:collision_box": {
				"width": 0,
				"height": 0
			},
			"minecraft:type_family": {
				"family": [
					"gojidraw_death_angel",
					"queen_death_angel",
					"monster",
					"mob"
				]
			},
      "minecraft:variant": {
          "value": 0
        },
        "minecraft:timer":{
    "looping": false,
    "randomInterval":true,
    "time": [9, 9],
    "time_down_event": {
        "event":"goji:transform"
             }
          },
        "minecraft:damage_sensor": {
        "triggers": {
          "cause": "all",
          "deals_damage" : false
            }
         },
      "minecraft:knockback_resistance": {
        "value": 1.0,
        "max": 1.0
      },
        "minecraft:behavior.float": {
        "priority": 0
      },
      "minecraft:fire_immune":{
      },
      "minecraft:nameable": {
      },
      "minecraft:scale": {
        "value": 1
      },
      "minecraft:physics": {
      },
      "minecraft:on_death": {
        "event": "on:death",
        "target": "self"
      },
      "minecraft:pushable": {
        "is_pushable": false,
        "is_pushable_by_piston": true
      }
    },
    "events": {
      "minecraft:entity_spawned":  {
         "queue_command" :{
           "command" : [
"particle gojidraw:blood_splatter",
"playsound mob.death_angel.blood_splat @a[r=54]",
"playsound mob.death_angel.win_win @a[r=54]",
"say Congratulations You Have Beaten The Queen"
]
            }
        },
      "goji:transform": {
        "add": {
          "component_groups": ["despawn"]
        }
      }
    }
  }
}
