{"format_version":"1.20.10","render_controllers":{"controller.render.spark_disasters.guide_book":{"geometry":"Geometry.default","materials":[{"*":"material.default"}],"arrays":{"textures":{"Array.pages":["texture.page_0","texture.page_1","texture.page_2","texture.page_3","texture.page_4","texture.page_5","texture.page_6","texture.page_7"]}},"textures":["Array.pages[q.property('spark:page')]"]},"controller.render.spark_disasters.guide_book.page4":{"arrays":{"textures":{"Array.pages":["Texture.page_4_1","Texture.page_4_2","Texture.page_4_3","Texture.page_4_4","Texture.page_4_5","Texture.page_4_6","Texture.page_4_7","Texture.page_4_8","Texture.page_4_9","Texture.page_4_10","Texture.page_4_11"]}},"geometry":"Geometry.default","materials":[{"*":"Material.default"}],"textures":["Array.pages[v.page4_timer]"]},"controller.render.spark_disasters.guide_book.page5":{"arrays":{"textures":{"Array.pages":["Texture.page_5_1","Texture.page_5_2","Texture.page_5_3","Texture.page_5_4","Texture.page_5_5","Texture.page_5_6","Texture.page_5_7","Texture.page_5_8","Texture.page_5_9","Texture.page_5_10","Texture.page_5_11","Texture.page_5_12","Texture.page_5_13","Texture.page_5_14","Texture.page_5_15","Texture.page_5_16","Texture.page_5_17","Texture.page_5_18","Texture.page_5_19","Texture.page_5_20","Texture.page_5_21","Texture.page_5_22","Texture.page_5_23","Texture.page_5_24","Texture.page_5_25","Texture.page_5_26","Texture.page_5_27","Texture.page_5_28","Texture.page_5_29","Texture.page_5_30","Texture.page_5_31","Texture.page_5_32","Texture.page_5_33","Texture.page_5_34","Texture.page_5_35","Texture.page_5_36","Texture.page_5_37","Texture.page_5_38","Texture.page_5_39","Texture.page_5_40","Texture.page_5_41","Texture.page_5_42","Texture.page_5_43","Texture.page_5_44","Texture.page_5_45","Texture.page_5_46","Texture.page_5_47","Texture.page_5_48","Texture.page_5_49","Texture.page_5_50","Texture.page_5_51","Texture.page_5_52","Texture.page_5_53","Texture.page_5_54","Texture.page_5_55","Texture.page_5_56"]}},"geometry":"Geometry.default","materials":[{"*":"Material.default"}],"textures":["Array.pages[v.page5_timer]"]}}}
