{
    "format_version":  "1.10.0",
    "render_controllers":  {
        "controller.render.skin_death_angel":  {
            "arrays":  {
                "textures":  {
                    "Array.skins":  [
                        "Texture.default",
                        "Texture.dark"
                    ]
                }
            },
            "geometry":  "Geometry.default",
            "materials":  [
                {
                    "*":  "Material.default"
                }
            ],
            "textures":  [
                "Array.skins[query.variant]"
            ]
        }
    }
}
