{
	"entity_sounds": {
		"entities": {
			"gojidraw:death_angel": {
				"events": {
					"angry": {
						"pitch": [
							0.8,
							1.2
						],
						"sound": "mob.death_angel.ambient",
						"volume": 15
					},
					"attack": {
						"pitch": 1,
						"sound": "mob.death_angel.attack",
						"volume": 20
					},
					"death": {
						"pitch": [
							0.8,
							1
						],
						"sound": "mob.d_a.death",
						"volume": 1
					},
					"ambient": {
						"sound": "mob.death_angel.ambient",
						"volume": 20
					}
				},
				"pitch": [
					0.8,
					1.2
				],
				"volume": 1
			},
			"gojidraw:after_spawn_death_angel": {
				"events": {
					"angry": {
						"pitch": [
							0.8,
							1.2
						],
						"sound": "mob.death_angel.ambient",
						"volume": 15
					},
					"attack": {
						"pitch": 1,
						"sound": "mob.death_angel.attack",
						"volume": 20
					},
					"death": {
						"pitch": [
							0.8,
							1
						],
						"sound": "mob.d_a.death",
						"volume": 1
					},
					"ambient": {
						"sound": "mob.death_angel.ambient",
						"volume": 20
					}
				},
				"pitch": [
					0.8,
					1.2
				],
				"volume": 1
			},
			"gojidraw:queen_death_angel": {
				"events": {
					"angry": {
						"pitch": [
							0.8,
							1.2
						],
						"sound": "mob.death_angel.ambient",
						"volume": 15
					},
          "hurt": {
            "sound": "mob.death_angel.blood_splat"
          },
					"attack": {
						"pitch": 1,
						"sound": "mob.death_angel.attack",
						"volume": 20
					},
					"death": {
						"pitch": [
							0.8,
							1
						],
						"sound": "mob.d_a.death",
						"volume": 1
					},
					"ambient": {
						"sound": "mob.death_angel.ambient",
						"volume": 20
					}
				},
				"pitch": [
					0.8,
					1.2
				],
				"volume": 1
			},
      "gojidraw:trigger_death_angel": {
        "volume": 100.0,
        "pitch": [
          0.8,
          1.2
        ],
        "events": {
          "hurt": {
            "sound": "mob.death_angel.blood_splat"
          }
        }
      },
      "gojidraw:trigger_queen_death_angel": {
        "volume": 100.0,
        "pitch": [
          0.8,
          1.2
        ],
        "events": {
          "hurt": {
            "sound": "mob.death_angel.blood_splat"
          }
        }
      },
      "gojidraw:speaker_off": {
        "volume": 100.0,
        "pitch": [
          0.8,
          1.2
        ],
        "events": {
          "hurt": {
            "sound": "use.stone"
          }
        }
      },
      "gojidraw:speaker_on": {
        "volume": 100.0,
        "pitch": [
          0.8,
          1.2
        ],
        "events": {
          "hurt": {
            "sound": "use.stone"
          }
        }
      },
      "gojidraw:queen_death_angel_head": {
        "volume": 100.0,
        "pitch": [
          0.8,
          1.2
        ],
        "events": {
          "hurt": {
            "sound": "use.stone"
          }
        }
      }
		}
	}
}