{
	"format_version": "1.10.0",
	"minecraft:entity": {
		"description": {
			"identifier": "gojidraw:speaker_on",
			"is_spawnable": false,
			"is_summonable": true,
			"is_experimental": false,
			"runtime_identifier": "minecraft:speaker",
      "scripts":{
        "animate":[
           "speaker_on"
        ]
      },
      "animations":{
        "speaker_on": "animation.speaker.on"
      }
    },
        "component_groups":  {
    "goji:speaker_off": {
            "minecraft:transformation": {
                    "into": "gojidraw:speaker_cooldown",
                       "delay":  2
                },
				"minecraft:spawn_entity": {
					"entities": [
						{
							"spawn_item": "gojidraw:hearing_aid",
							"max_wait_time": 0,
							"min_wait_time": 0,
							"single_use": true
						}
					]
				}
        },
			"drop_self": {
				"minecraft:spawn_entity": {
					"entities": [
						{
							"spawn_item": "gojidraw:speaker_spawn_egg",
							"max_wait_time": 0,
							"min_wait_time": 0,
							"single_use": true
						}
					]
				}
			},
        "despawn": {
			"minecraft:instant_despawn": {
				"remove_child_entities":false
			}
		}
        },
		"components": {
			"minecraft:is_hidden_when_invisible": {},
			"minecraft:type_family": {
				"family": [
					"inanimate",
					"mob"
				]
			},
      "minecraft:timer":{
    "looping": true,
    "randomInterval":true,
    "time": [5, 5],
    "time_down_event": {
        "event":"goji:speaker_off"
             }
          },
			"minecraft:collision_box": {
				"width": 1,
				"height": 1
			},
			"minecraft:health": {
				"value": 99,
				"max": 99
			},
			"minecraft:movement": {
				"value": 0.0
			},
			"minecraft:knockback_resistance": {
				"value": 1
			},
			"minecraft:jump.static": {
				"jump_power": 0
			},
            "minecraft:damage_sensor":  {
                "on_damage":  {
                    "filters":  {
                        "test":  "is_family",
                        "subject":  "other",
                        "value":  "player"
                    },
                    "event":  "goji:drop_self"
                },
                "deals_damage":  true
            },
			"minecraft:physics": {
				"has_collision": true,
				"has_gravity": true
			},
			"minecraft:pushable": {
				"is_pushable": false,
				"is_pushable_by_piston": true
			},
      "minecraft:on_death": {
        "event": "on:death",
        "target": "self"
      },
			"minecraft:behavior.float": {
				"priority": 0
			},
			"minecraft:fire_immune": {}},
        "events":  {
    "minecraft:entity_spawned": {
    },
    "goji:speaker_off": {
        "add": {
          "component_groups": ["goji:speaker_off"]
        }
      },
         "goji:drop_self": {
        "add": {
          "component_groups": ["drop_self","despawn"]
        }
      }
        }
	}
}