{
"format_version": "1.10.0",
"animations":
{
		"animation.meteorite_explosion": {
            "timeline": {
				"0.1": [
        "/summon gojidraw:meter_explosion ~~~",
        "/summon gojidraw:burning_death_angel ~~~",
        "/damage @e[r=5,family=!death_angel] 13",
		"/particle gojidraw:explosion_dust ~~~",
		"/particle gojidraw:explosion_melt_large ~~~",
		"/particle gojidraw:explosion_rings_large ~~~",
		"/particle gojidraw:explosion_smoke_large ~~~",
		"/particle gojidraw:explosion_sparks_large ~~~",
       "/camerashake add @a[r=80] 2 5 positional",
       "/event entity @s goji:despawn",
       "/event entity @e[type=gojidraw:meteor_explosion,r=8] explosion",
       "/kill @s",
       "/camera @p[r=30] fade time 0.1 0.1 0.1 color 255 255 255",
        "/playsound mob.death_angel.explosion @a[r=54]",
        "/kill @e[type=minecraft:ender_dragon,r=5]"
                ]
            },
            "animation_length": 1,
			     "loop" : false
        },
		"animation.queen_death_angel.step" : {
            "timeline": {
              "1": [
                "/camerashake add @p[r=120] 1 0.3 positional"
                ],
              "1.50": [
                "/camerashake add @p[r=120] 1 0.3 positional"
                ]
            },
            "animation_length": 1.50,
			"loop" : true
		},
		"animation.big_meteorite_explosion": {
            "timeline": {
				"0.1": [
        "/summon gojidraw:meteor_exploion ~~~",
        "/summon gojidraw:meteor_explosio ~~~",
        "/summon gojidraw:burning_queen_death_angel ~~~",
        "/damage @e[r=5,family=!gojidraw_death_angel] 30",
		"/particle gojidraw:explosion_dust ~~~",
		"/particle gojidraw:explosion_melt_large ~~~",
		"/particle gojidraw:explosion_rings_large ~~~",
		"/particle gojidraw:explosion_smoke_large ~~~",
		"/particle gojidraw:explosion_sparks_large ~~~",
       "/camerashake add @a[r=80] 2 5 positional",
       "/event entity @s goji:despawn",
       "/event entity @e[type=gojidraw:big_meteor_explosion,r=8] explosion",
       "/kill @s",
       "/camera @p[r=60] fade time 0.1 0.1 0.1 color 255 255 255",
        "/playsound mob.death_angel.explosion @a[r=100]",
        "/kill @e[type=minecraft:ender_dragon,r=5]"
                ]
            },
            "animation_length": 1,
			     "loop" : false
        },
		"animation.death_angel.water" : {
            "timeline": {
              "0.1": [
                "/event entity @s goji:drown"
                ]
            },
            "animation_length": 1,
			"loop" : true
		},
		"animation.speaker.on" : {
            "timeline": {
              "0.1": [
                "/camerashake add @p[r=120] 1 0.3 positional",
                "/event entity @e[family=gojidraw_death_angel,r=25] goji:trigger",
                "/event entity @e[family=gojidraw_death_angel,r=25] goji:big_trigger"
                ]
            },
            "animation_length": 1,
			"loop" : true
		},
		"animation.meteorite.spawn" : {
            "timeline": {
              "1":                        "/playsound meteorite @a",
              "1.1":                       "/summon gojidraw:meteorite ~ ~200 ~"
            },
            "animation_length": 1.1,
			"loop" : false
		},
		"animation.big_meteorite.spawn" : {
            "timeline": {
              "1":                        "/playsound meteorite @a",
              "1.1":                       "/summon gojidraw:big_meteorite ~ ~200 ~"
            },
            "animation_length": 1.1,
			"loop" : false
		}
    }
}
