{
	"format_version": "1.12.0",
	"minecraft:geometry": [
		{
			"description": {
				"identifier": "geometry.death_angel_boots",
				"texture_width": 128,
				"texture_height": 128,
				"visible_bounds_width": 3,
				"visible_bounds_height": 4,
				"visible_bounds_offset": [0, 1, 0]
			},
			"bones": [
				{
					"name": "bone",
					"pivot": [0, 0, 0]
				},
				{
					"name": "LeftLeg",
					"parent": "bone",
					"pivot": [1.9, 12, 0],
					"cubes": [
						{"origin": [-0.6, -0.2, -2.5], "size": [5, 5, 5], "pivot": [1.9, 2.3, 0], "rotation": [0, -2.5, 0], "uv": [44, 14]},
						{"origin": [-0.6, -0.2, -4.5], "size": [5, 2, 2], "pivot": [1.9, 0.8, 0], "rotation": [0, -2.5, 0], "uv": [30, 56]},
						{"origin": [0, -0.2, -4.5], "size": [4, 2, 3], "pivot": [1, 1.8, -4.5], "rotation": [30, 0, 0], "uv": [25, 0]}
					]
				},
				{
					"name": "Spike",
					"parent": "LeftLeg",
					"pivot": [2, 4, 2],
					"cubes": [
						{"origin": [1, 2.8, 1.5], "size": [2, 2, 4], "pivot": [2, 4, 2], "rotation": [52.5, 0, 0], "uv": [10, 35]},
						{"origin": [1.3, 5.5713, 5.11964], "size": [1, 1, 3], "pivot": [2, 5.7713, 4.61964], "rotation": [72.5, 0, 0], "uv": [0, 35]}
					]
				},
				{
					"name": "RightLeg",
					"parent": "bone",
					"pivot": [-1.9, 12, 0],
					"cubes": [
						{"origin": [-4.4, -0.2, -2.5], "size": [5, 5, 5], "pivot": [-1.9, 2.3, 0], "rotation": [0, 2.5, 0], "uv": [44, 14], "mirror": true},
						{"origin": [-4.4, -0.2, -4.5], "size": [5, 2, 2], "pivot": [-1.9, 0.8, 0], "rotation": [0, 2.5, 0], "uv": [30, 56], "mirror": true},
						{"origin": [-4, -0.2, -4.5], "size": [4, 2, 3], "pivot": [-1, 1.8, -4.5], "rotation": [30, 0, 0], "uv": [25, 0], "mirror": true}
					]
				},
				{
					"name": "Spike4",
					"parent": "RightLeg",
					"pivot": [-2, 4, 2],
					"cubes": [
						{"origin": [-3, 2.8, 1.5], "size": [2, 2, 4], "pivot": [-2, 4, 2], "rotation": [52.5, 0, 0], "uv": [10, 35], "mirror": true},
						{"origin": [-2.3, 5.5713, 5.11964], "size": [1, 1, 3], "pivot": [-2, 5.7713, 4.61964], "rotation": [72.5, 0, 0], "uv": [0, 35], "mirror": true}
					]
				}
			]
		}
	]
}