{
	"format_version": "1.16.0",
	"minecraft:geometry": [
		{
			"description": {
				"identifier": "geometry.death_angel_helmet",
				"texture_width": 128,
				"texture_height": 128,
				"visible_bounds_width": 3,
				"visible_bounds_height": 4,
				"visible_bounds_offset": [0, 1, 0]
			},
			"bones": [
				{
					"name": "helmet",
					"pivot": [0, 24, 1.5],
					"binding": "'head'",
					"cubes": [
						{"origin": [-4, 32, -4], "size": [8, 2, 8.5], "uv": [0, 13]},
						{"origin": [2.8, 30, -3.9], "size": [2.2, 2, 8.5], "pivot": [5, 32, 0], "rotation": [0, 0, 62.5], "uv": [42, 24]},
						{"origin": [-5, 30, -3.9], "size": [2.2, 2, 8.5], "pivot": [-5, 32, 0], "rotation": [0, 0, -62.5], "uv": [42, 24], "mirror": true},
						{"origin": [-4.5, 30, -4.5], "size": [9, 2, 1.5], "uv": [42, 9]},
						{"origin": [-5, 24, 4], "size": [10, 8, 1], "uv": [42, 0]},
						{"origin": [4, 24, -4], "size": [1, 8, 8], "uv": [0, 35]},
						{"origin": [-5, 24, -4], "size": [1, 8, 8], "uv": [0, 35], "mirror": true},
						{"origin": [2, 24, -5], "size": [3, 4, 1], "uv": [0, 13]},
						{"origin": [-5, 24, -5], "size": [3, 4, 1], "uv": [0, 13], "mirror": true},
						{"origin": [2.9, 28, -5], "size": [2, 4, 1], "pivot": [4, 28, -5], "rotation": [-7.5, 0, 0], "uv": [0, 0]},
						{"origin": [-4.9, 28, -5], "size": [2, 4, 1], "pivot": [-4, 28, -5], "rotation": [-7.5, 0, 0], "uv": [0, 0], "mirror": true},
						{"origin": [-1, 28.5, -5.5], "size": [2, 7.5, 5], "uv": [16, 52]}
					]
				}
			]
		}
	]
}