{
	"format_version": "1.12.0",
	"minecraft:geometry": [
		{
			"description": {
				"identifier": "geometry.death_angel_chestplate",
				"texture_width": 128,
				"texture_height": 128,
				"visible_bounds_width": 3,
				"visible_bounds_height": 4,
				"visible_bounds_offset": [0, 1, 0]
			},
			"bones": [
				{
					"name": "Body",
					"pivot": [0, 24, 0],
					"cubes": [
						{"origin": [-4.5, 12, -3], "size": [9, 6, 6], "uv": [0, 23]},
						{"origin": [-4.5, 18, -3], "size": [9, 6, 7], "uv": [0, 0]},
						{"origin": [-0.5, 17, -5], "size": [1, 8, 2], "uv": [42, 58]},
						{"origin": [0.5, 21, -5], "size": [1, 6, 2], "pivot": [0, 21, -4], "rotation": [-2.5, 0, -67.5], "uv": [42, 58]},
						{"origin": [-1.5, 21, -5], "size": [1, 6, 2], "pivot": [0, 21, -4], "rotation": [-2.5, 0, 67.5], "uv": [42, 58], "mirror": true},
						{"origin": [-0.5, 20.5, -4.8], "size": [1, 6, 2], "pivot": [0, 21, -4], "rotation": [-4.86338, -1.07719, -84.96373], "uv": [42, 58]},
						{"origin": [-0.5, 20.5, -4.8], "size": [1, 6, 2], "pivot": [0, 21, -4], "rotation": [-4.86338, 1.07719, 84.96373], "uv": [42, 58], "mirror": true},
						{"origin": [-0.5, 20.5, -4.8], "size": [1, 6, 2], "pivot": [0, 21, -4], "rotation": [-8.6763, -3.36309, -114.90152], "uv": [42, 58]},
						{"origin": [-0.5, 20.5, -4.8], "size": [1, 6, 2], "pivot": [0, 21, -4], "rotation": [-8.6763, 3.36309, 114.90152], "uv": [42, 58], "mirror": true},
						{"origin": [0.3, 18, -4], "size": [5, 6, 2], "pivot": [5, 18, -1], "rotation": [0, -2.5, -5], "uv": [54, 41]},
						{"origin": [0.3, 18, -2], "size": [5, 6, 7], "pivot": [5, 18, 1], "rotation": [0, -2.5, -5], "uv": [25, 6]},
						{"origin": [-5.3, 18, -2], "size": [5, 6, 7], "pivot": [-5, 18, 1], "rotation": [0, 2.5, 5], "uv": [25, 6], "mirror": true},
						{"origin": [-5.3, 18, -4], "size": [5, 6, 2], "pivot": [-5, 18, -1], "rotation": [0, 2.5, 5], "uv": [54, 41], "mirror": true}
					]
				},
				{
					"name": "rightArm",
					"parent": "Body",
					"pivot": [-6, 24, -0.15],
					"cubes": [
						{"origin": [-9.92388, 20.78268, -3.15], "size": [6.5, 2.2, 6.5], "uv": [26, 19]},
						{"origin": [-8.92388, 17.78268, -2.5], "size": [2.5, 3.2, 5.5], "uv": [54, 24]},
						{"origin": [-8, 12, -2], "size": [4, 12, 4], "uv": [38, 40]},
						{"origin": [-9.42388, 20.83268, -3], "size": [6.5, 5.45, 6.2], "pivot": [-9.9, 23, 0], "rotation": [0, 0, 2.5], "uv": [24, 29]},
						{"origin": [-9.17388, 12.83268, -3], "size": [2.5, 5.45, 6.2], "uv": [0, 51]},
						{"origin": [-9.17388, 7.4, -3], "size": [3.5, 5.45, 6.2], "pivot": [-9, 13, 0], "rotation": [0, 0, -7.5], "uv": [48, 50]},
						{"origin": [-9.42388, 17.63268, -3.25], "size": [3.775, 1, 6.7], "uv": [50, 34]},
						{"origin": [-9.42388, 14.63268, -3.25], "size": [3.775, 1, 6.7], "uv": [50, 34]}
					]
				},
				{
					"name": "Spike2",
					"parent": "rightArm",
					"pivot": [-8.96195, 16, 0.12844],
					"rotation": [0, -90, 0],
					"cubes": [
						{"origin": [-9.96195, 14.8, -0.37156], "size": [2, 2, 4], "pivot": [-8.96195, 16, 0.12844], "rotation": [52.5, 0, 0], "uv": [10, 35]},
						{"origin": [-9.66195, 17.5713, 3.24808], "size": [1, 1, 3], "pivot": [-8.96195, 17.7713, 2.74808], "rotation": [72.5, 0, 0], "uv": [0, 35]}
					]
				},
				{
					"name": "leftArm",
					"parent": "Body",
					"pivot": [6, 24, -0.15],
					"cubes": [
						{"origin": [3.42388, 20.78268, -3.15], "size": [6.5, 2.2, 6.5], "uv": [26, 19], "mirror": true},
						{"origin": [6.42388, 17.78268, -2.5], "size": [2.5, 3.2, 5.5], "uv": [54, 24], "mirror": true},
						{"origin": [4, 12, -2], "size": [4, 12, 4], "uv": [38, 40], "mirror": true},
						{"origin": [2.92388, 20.83268, -3], "size": [6.5, 5.45, 6.2], "pivot": [9.9, 23, 0], "rotation": [0, 0, -2.5], "uv": [24, 29], "mirror": true},
						{"origin": [6.67388, 12.83268, -3], "size": [2.5, 5.45, 6.2], "uv": [0, 51], "mirror": true},
						{"origin": [5.67388, 7.4, -3], "size": [3.5, 5.45, 6.2], "pivot": [9, 13, 0], "rotation": [0, 0, 7.5], "uv": [48, 50], "mirror": true},
						{"origin": [5.64888, 17.63268, -3.25], "size": [3.775, 1, 6.7], "uv": [50, 34], "mirror": true},
						{"origin": [5.64888, 14.63268, -3.25], "size": [3.775, 1, 6.7], "uv": [50, 34], "mirror": true}
					]
				},
				{
					"name": "Spike3",
					"parent": "leftArm",
					"pivot": [8.96195, 16, 0.12844],
					"rotation": [0, 90, 0],
					"cubes": [
						{"origin": [7.96195, 14.8, -0.37156], "size": [2, 2, 4], "pivot": [8.96195, 16, 0.12844], "rotation": [52.5, 0, 0], "uv": [10, 35], "mirror": true},
						{"origin": [8.66195, 17.5713, 3.24808], "size": [1, 1, 3], "pivot": [8.96195, 17.7713, 2.74808], "rotation": [72.5, 0, 0], "uv": [0, 35], "mirror": true}
					]
				}
			]
		}
	]
}