{
	"format_version": "1.12.0",
	"minecraft:geometry": [
		{
			"description": {
				"identifier": "geometry.death_angel_leggings",
				"texture_width": 128,
				"texture_height": 128,
				"visible_bounds_width": 3,
				"visible_bounds_height": 4,
				"visible_bounds_offset": [0, 1, 0]
			},
			"bones": [
				{
					"name": "LeftLeg",
					"pivot": [1.9, 12, 0],
					"cubes": [
						{"origin": [-0.6, 5, -2.5], "size": [5, 7, 5], "pivot": [1.9, 8.5, 0], "rotation": [0, -2.5, 0], "uv": [18, 40]},
						{"origin": [-0.6, 3, -2.5], "size": [4, 9, 0], "pivot": [0, 12, -3], "rotation": [-6.96668, -3.74149, -9.60829], "uv": [30, 60]}
					]
				},
				{
					"name": "RightLeg",
					"pivot": [-1.9, 12, 0],
					"cubes": [
						{"origin": [-4.4, 5, -2.5], "size": [5, 7, 5], "pivot": [-1.9, 8.5, 0], "rotation": [0, 2.5, 0], "uv": [18, 40], "mirror": true},
						{"origin": [-3.4, 3, -2.5], "size": [4, 9, 0], "pivot": [0, 12, -3], "rotation": [-7.68757, 4.68662, 9.41433], "uv": [30, 60], "mirror": true}
					]
				}
			]
		}
	]
}