{
	"format_version": "1.12.0",
	"minecraft:geometry": [
		{
			"description": {
				"identifier": "geometry.gojidraw_queen_death_angel",
				"texture_width": 256,
				"texture_height": 256,
				"visible_bounds_width": 13,
				"visible_bounds_height": 10.5,
				"visible_bounds_offset": [0, 4.75, 0]
			},
			"bones": [
				{
					"name": "Root",
					"pivot": [0, 0, 0]
				},
				{
					"name": "RightLeg",
					"parent": "Root",
					"pivot": [12, 55.5, 26.5],
					"cubes": [
						{"origin": [6, 33, 17.5], "size": [12, 30, 3], "pivot": [12, 58.5, 26.5], "rotation": [12.5, 0, 0], "uv": [0, 0]},
						{"origin": [5.85, 19.6565, 23.23255], "size": [12.3, 12, 3], "pivot": [12, 31.6565, 23.23255], "rotation": [60, 0, 0], "uv": [220, 156]},
						{"origin": [6, 30, 22], "size": [12, 33, 7.5], "pivot": [12, 58.5, 26.5], "rotation": [12.5, 0, 0], "uv": [32, 189]},
						{"origin": [8, 46.91265, 10.57149], "size": [7, 26, 19.5], "pivot": [10.5, 59.91265, 21.32149], "rotation": [29.7127, 2.68507, -12.2127], "uv": [137, 50], "mirror": true},
						{"origin": [6, 31.5, 20.5], "size": [12, 31.5, 1.5], "pivot": [12, 58.5, 26.5], "rotation": [12.5, 0, 0], "uv": [162, 211]}
					]
				},
				{
					"name": "RightForeLeg",
					"parent": "RightLeg",
					"pivot": [12, 31.5, 31],
					"rotation": [0, 2.5, 0],
					"cubes": [
						{"origin": [7.5, 0, 47.5], "size": [9, 42, 7.5], "pivot": [12, 39, 51.25], "rotation": [10, 0, 0], "uv": [0, 167]},
						{"origin": [6, 33, 29.5], "size": [12, 4.5, 13.5], "pivot": [12, 58.5, 26.5], "rotation": [12.5, 0, 0], "uv": [198, 186]},
						{"origin": [6.75, 34.06904, 27.65412], "size": [10.5, 7.5, 18], "pivot": [12, 41.56904, 47.15412], "rotation": [27.5, 0, 0], "uv": [88, 170]},
						{"origin": [10.5, 42, 52], "size": [3, 9, 3], "pivot": [12, 39, 51.25], "rotation": [10, 0, 0], "uv": [70, 50]},
						{"origin": [9.75, 37.64653, 50.67485], "size": [4.5, 9, 3], "pivot": [12, 46.64653, 51.42485], "rotation": [-17.5, 0, 0], "uv": [88, 174]},
						{"origin": [6.75, 0, 53.5], "size": [10.5, 3, 10.5], "uv": [64, 20]}
					]
				},
				{
					"name": "Finger5",
					"parent": "RightForeLeg",
					"pivot": [12.32572, 3.57257, 62.5],
					"rotation": [0, 0, -2.5],
					"cubes": [
						{"origin": [8.97676, 1.58018, 59.5], "size": [6, 12, 4.5], "pivot": [8.97676, -4.41982, 59.5], "rotation": [-12.48848, 0.54094, 2.44081], "uv": [69, 144]},
						{"origin": [10.47676, 12.03505, 64.75721], "size": [4.5, 12, 3], "pivot": [12.75906, 12.03505, 67.75721], "rotation": [22.51152, 0.54094, 2.44081], "uv": [36, 144]}
					]
				},
				{
					"name": "LeftLeg",
					"parent": "Root",
					"pivot": [-12, 55.5, 26.5],
					"cubes": [
						{"origin": [-18, 33, 17.5], "size": [12, 30, 3], "pivot": [-12, 58.5, 26.5], "rotation": [12.5, 0, 0], "uv": [0, 0], "mirror": true},
						{"origin": [-18.15, 19.6565, 23.23255], "size": [12.3, 12, 3], "pivot": [-12, 31.6565, 23.23255], "rotation": [60, 0, 0], "uv": [220, 156], "mirror": true},
						{"origin": [-18, 30, 22], "size": [12, 33, 7.5], "pivot": [-12, 58.5, 26.5], "rotation": [12.5, 0, 0], "uv": [32, 189], "mirror": true},
						{"origin": [-15, 46.91265, 10.57149], "size": [7, 26, 19.5], "pivot": [-10.5, 59.91265, 21.32149], "rotation": [29.7127, -2.68507, 12.2127], "uv": [137, 50]},
						{"origin": [-18, 31.5, 20.5], "size": [12, 31.5, 1.5], "pivot": [-12, 58.5, 26.5], "rotation": [12.5, 0, 0], "uv": [162, 211], "mirror": true}
					]
				},
				{
					"name": "LeftForeLeg",
					"parent": "LeftLeg",
					"pivot": [-12, 31.5, 31],
					"rotation": [0, -2.5, 0],
					"cubes": [
						{"origin": [-16.5, 0, 47.5], "size": [9, 42, 7.5], "pivot": [-12, 39, 51.25], "rotation": [10, 0, 0], "uv": [0, 167], "mirror": true},
						{"origin": [-18, 33, 29.5], "size": [12, 4.5, 13.5], "pivot": [-12, 58.5, 26.5], "rotation": [12.5, 0, 0], "uv": [198, 186], "mirror": true},
						{"origin": [-17.25, 34.06904, 27.65412], "size": [10.5, 7.5, 18], "pivot": [-12, 41.56904, 47.15412], "rotation": [27.5, 0, 0], "uv": [88, 170], "mirror": true},
						{"origin": [-13.5, 42, 52], "size": [3, 9, 3], "pivot": [-12, 39, 51.25], "rotation": [10, 0, 0], "uv": [70, 50], "mirror": true},
						{"origin": [-14.25, 37.64653, 50.67485], "size": [4.5, 9, 3], "pivot": [-12, 46.64653, 51.42485], "rotation": [-17.5, 0, 0], "uv": [88, 174], "mirror": true},
						{"origin": [-17.25, 0, 53.5], "size": [10.5, 3, 10.5], "uv": [64, 20], "mirror": true}
					]
				},
				{
					"name": "Finger3",
					"parent": "LeftForeLeg",
					"pivot": [-12.32572, 2.57257, 62.5],
					"rotation": [0, 0, 2.5],
					"cubes": [
						{"origin": [-15.02038, 1.57923, 59.5], "size": [6, 12, 4.5], "pivot": [-9.02038, -4.42077, 59.5], "rotation": [-12.48848, -0.54094, -2.44081], "uv": [69, 144], "mirror": true},
						{"origin": [-15.02038, 12.0341, 64.75721], "size": [4.5, 12, 3], "pivot": [-12.80268, 12.0341, 67.75721], "rotation": [22.51152, -0.54094, -2.44081], "uv": [36, 144], "mirror": true}
					]
				},
				{
					"name": "All_body",
					"parent": "Root",
					"pivot": [0, 58.5, 23.5]
				},
				{
					"name": "Root_chest",
					"parent": "All_body",
					"pivot": [0, 66, -8]
				},
				{
					"name": "Body",
					"parent": "Root_chest",
					"pivot": [0, 67.45385, -10.00081],
					"rotation": [-30, 0, 0],
					"cubes": [
						{"origin": [-12, 55.1678, -26.4449], "size": [12, 4.5, 18], "pivot": [-12, 55.1678, -9.86479], "rotation": [0, 0, 17.5], "uv": [166, 130], "mirror": true},
						{"origin": [0, 55.1678, -26.4449], "size": [12, 4.5, 18], "pivot": [12, 55.1678, -9.86479], "rotation": [0, 0, -17.5], "uv": [166, 130]},
						{"origin": [-12, 56.1678, -27.86479], "size": [24, 25, 22.5], "uv": [0, 50]},
						{"origin": [-2.25, 81.1678, -27.86479], "size": [4.5, 3, 19.5], "pivot": [0, 84.1678, -27.86479], "rotation": [-5, 0, 0], "uv": [116, 195]},
						{"origin": [-1.5, 84.1678, -27.86479], "size": [3, 3, 3], "pivot": [0, 84.1678, -27.86479], "rotation": [-17.5, 0, 0], "uv": [36, 104]},
						{"origin": [-0.5, 79.09028, -27.99938], "size": [1.5, 7.5, 4], "pivot": [0.5, 81.84028, -13.99938], "rotation": [-22.5, 0, 0], "uv": [51, 97]},
						{"origin": [-0.7, 81.09028, -22.99938], "size": [1.5, 7.5, 4], "pivot": [0.5, 81.84028, -13.99938], "rotation": [-22.5, 0, 0], "uv": [51, 97]},
						{"origin": [-0.5, 81.09028, -15.99938], "size": [1.5, 7.5, 4], "pivot": [0.5, 81.84028, -13.99938], "rotation": [-22.5, 0, 0], "uv": [51, 97]},
						{"origin": [-0.5, 78.56582, -9.30805], "size": [1.5, 7.5, 4], "pivot": [0.5, 82.31582, -7.30805], "rotation": [-37.5, 0, 0], "uv": [51, 97]},
						{"origin": [-0.5, 79.28098, -34.14948], "size": [1.5, 7.5, 4], "pivot": [0.5, 80.03098, -33.14948], "rotation": [-17.5, 0, 0], "uv": [51, 97]},
						{"origin": [-0.5, 78.28098, -39.14948], "size": [1.5, 7.5, 4], "pivot": [0.5, 80.03098, -33.14948], "rotation": [-0.1627, 0, -0.53086], "uv": [51, 97]},
						{"origin": [-1.5, 84.1678, -23.36479], "size": [3, 3, 3], "pivot": [0, 84.1678, -23.36479], "rotation": [-17.5, 0, 0], "uv": [36, 104]},
						{"origin": [-1.5, 82.6678, -18.86479], "size": [3, 3, 3], "pivot": [0, 82.6678, -18.86479], "rotation": [-17.5, 0, 0], "uv": [36, 104]},
						{"origin": [-1.5, 82.6678, -12.86479], "size": [3, 3, 3], "pivot": [0, 82.6678, -12.86479], "rotation": [-17.5, 0, 0], "uv": [36, 104]},
						{"origin": [-10.5, 67.6678, -36.86479], "size": [21, 13.5, 9], "pivot": [0, 81.1678, -27.86479], "rotation": [17.5, 0, 0], "uv": [170, 47]},
						{"origin": [-9, 67.6678, -32.36479], "size": [18, 13.5, 7.5], "pivot": [0, 67.6678, -36.86479], "rotation": [-40, 0, 0], "uv": [178, 0]},
						{"origin": [-7.5, 64.77526, -39.41759], "size": [15, 12, 7.5], "pivot": [0, 64.77526, -33.41759], "rotation": [-15, 0, 0], "uv": [202, 88]},
						{"origin": [-6.75, 68.47219, -39.90287], "size": [13.5, 12, 13.5], "uv": [181, 161]},
						{"origin": [5, 63.1678, -27.36479], "size": [13.5, 19.5, 16.5], "pivot": [12.25, 72.9178, -19.11479], "rotation": [0.70022, -22.51212, 2.14681], "uv": [160, 95]},
						{"origin": [-18.5, 63.1678, -27.36479], "size": [13.5, 19.5, 16.5], "pivot": [-12.25, 72.9178, -19.11479], "rotation": [0.70022, 22.51212, -2.14681], "uv": [160, 95], "mirror": true},
						{"origin": [-1.5, 50.6678, -29.36479], "size": [3, 3, 22.5], "uv": [170, 186]},
						{"origin": [-1.5, 53.6678, -29.36479], "size": [3, 3, 22.5], "uv": [170, 186]}
					]
				},
				{
					"name": "Head",
					"parent": "Body",
					"pivot": [0, 71.76865, -38.54168],
					"rotation": [17.5, 0, 0],
					"cubes": [
						{"origin": [-3.75, 67.48162, -55.39757], "size": [1.5, 9, 15], "pivot": [-3.75, 71.98162, -55.39757], "rotation": [10.23772, -12.3071, -2.20462], "uv": [188, 211]},
						{"origin": [2.25, 67.48162, -55.39757], "size": [1.5, 9, 15], "pivot": [3.75, 71.98162, -55.39757], "rotation": [10.23772, 12.3071, 2.20462], "uv": [188, 211], "mirror": true},
						{"origin": [-2.25, 69.02719, -54.87663], "size": [3, 7.5, 15], "pivot": [-3.75, 69.02719, -54.87663], "rotation": [7.73772, -12.3071, -2.20462], "uv": [205, 203]},
						{"origin": [-0.75, 69.02719, -54.87663], "size": [3, 7.5, 15], "pivot": [3.75, 69.02719, -54.87663], "rotation": [7.73772, 12.3071, 2.20462], "uv": [205, 203], "mirror": true},
						{"origin": [-4.72398, 77.17614, -53.3524], "size": [4.5, 3, 12], "pivot": [-4.72398, 77.17614, -51.8524], "rotation": [2.60881, -15.8, 28.54119], "uv": [100, 195]},
						{"origin": [0.22398, 77.17614, -53.3524], "size": [4.5, 3, 12], "pivot": [4.72398, 77.17614, -51.8524], "rotation": [2.60881, 15.8, -28.54119], "uv": [100, 195], "mirror": true},
						{"origin": [-3.25953, 79.79113, -53.48383], "size": [4.5, 3, 12], "pivot": [-3.25953, 79.79113, -51.98383], "rotation": [-11.10175, -11.6, 82.52697], "uv": [100, 195]},
						{"origin": [-1.24047, 79.79113, -53.48383], "size": [4.5, 3, 12], "pivot": [3.25953, 79.79113, -51.98383], "rotation": [-11.10175, 11.6, -82.52697], "uv": [100, 195], "mirror": true},
						{"origin": [-3.75, 71.76865, -53.54168], "size": [7.5, 7.5, 16.5], "pivot": [0, 62.76865, -38.54168], "rotation": [10, 0, 0], "uv": [70, 195]},
						{"origin": [-8.25, 64.26865, -40.04168], "size": [16.5, 15, 6], "pivot": [0, 62.76865, -38.54168], "rotation": [10, 0, 0], "uv": [200, 20]},
						{"origin": [-10.5, 80.44961, -43.68829], "size": [6, 3, 4.5], "pivot": [-4.5, 83.44961, -42.18829], "rotation": [5.77509, 8.17773, -54.58682], "uv": [153, 95]},
						{"origin": [4.5, 80.44961, -43.68829], "size": [6, 3, 4.5], "pivot": [4.5, 83.44961, -42.18829], "rotation": [5.77509, -8.17773, 54.58682], "uv": [153, 95], "mirror": true},
						{"origin": [-4.5, 79.26865, -40.04168], "size": [9, 4.5, 4.5], "pivot": [0, 62.76865, -38.54168], "rotation": [10, 0, 0], "uv": [122, 24]},
						{"origin": [-4.35, 79.47055, -43.73387], "size": [8.7, 4.5, 4.5], "pivot": [0, 83.97055, -39.23387], "rotation": [27.5, 0, 0], "uv": [160, 130]},
						{"origin": [-3.75, 70.26865, -53.54168], "size": [7.5, 1.5, 1.5], "pivot": [0, 62.76865, -38.54168], "rotation": [10, 0, 0], "uv": [0, 70]},
						{"origin": [-3.75, 68.76865, -53.54168], "size": [7.5, 1.5, 0], "pivot": [0, 62.76865, -38.54168], "rotation": [10, 0, 0], "uv": [70, 70]},
						{"origin": [-3.75, 67.41325, -56.17899], "size": [7.5, 9, 4.2], "pivot": [0, 76.41325, -56.17899], "rotation": [55, 0, 0], "uv": [36, 113]},
						{"origin": [-3.75, 79.26865, -50.54168], "size": [7.5, 3, 13.5], "pivot": [0, 62.76865, -38.54168], "rotation": [10, 0, 0], "uv": [103, 217]},
						{"origin": [3.75, 65.98162, -56.6], "size": [0, 1.5, 13.5], "pivot": [3.75, 72.98162, -55.39757], "rotation": [10.23772, 12.3071, 2.20462], "uv": [64, 20]},
						{"origin": [-3.75, 65.98162, -56.6], "size": [0, 1.5, 13.5], "pivot": [-3.75, 72.98162, -55.39757], "rotation": [10.23772, -12.3071, -2.20462], "uv": [64, 20], "mirror": true}
					]
				},
				{
					"name": "B_f6",
					"parent": "Head",
					"pivot": [5.25, 74.98162, -49.39757],
					"rotation": [0, -15, 0],
					"cubes": [
						{"origin": [3.75, 71.98162, -55.39757], "size": [1.5, 4.5, 7.5], "pivot": [3.75, 71.98162, -55.39757], "rotation": [10.23772, 12.3071, 2.20462], "uv": [88, 163], "mirror": true},
						{"origin": [0.75, 70.3172, -57.27689], "size": [3.75, 6, 1.5], "pivot": [2.625, 74.0672, -56.52689], "rotation": [9.99067, 0.43399, -2.46207], "uv": [13, 50]},
						{"origin": [-2.2, 72.27358, -57.27689], "size": [3.75, 4, 1.5], "pivot": [1.625, 74.0672, -56.52689], "rotation": [9.79434, 5.78844, -4.06625], "uv": [13, 50]}
					]
				},
				{
					"name": "B_f12",
					"parent": "Head",
					"pivot": [-5.25, 70.48162, -49.39757],
					"rotation": [8.64557, 15.37714, -5.16635],
					"cubes": [
						{"origin": [-5.25, 67.48162, -55.39757], "size": [1.5, 4.5, 6], "pivot": [-3.75, 71.98162, -55.39757], "rotation": [10.23772, -12.3071, -2.20462], "uv": [180, 159]},
						{"origin": [-4.5, 67.3172, -57.27689], "size": [3.75, 3, 1.5], "pivot": [-2.625, 74.0672, -56.52689], "rotation": [9.99067, -0.43399, 2.46207], "uv": [0, 97], "mirror": true},
						{"origin": [-1.73376, 67.36025, -56.34338], "size": [2.75, 3, 1.5], "pivot": [-1.85686, 68.77301, -55.59338], "rotation": [10.03468, -5.35793, 1.59189], "uv": [1, 97], "mirror": true},
						{"origin": [-0.6304, 70.26325, -56.60564], "size": [1.75, 2, 1.5], "pivot": [0.2446, 71.26325, -55.85564], "rotation": [-10.03468, 5.35793, -178.40811], "uv": [0, 97], "mirror": true}
					]
				},
				{
					"name": "B_f11",
					"parent": "Head",
					"pivot": [5.25, 70.48162, -49.39757],
					"rotation": [8.64557, -15.37714, 5.16635],
					"cubes": [
						{"origin": [3.75, 67.48162, -55.39757], "size": [1.5, 4.5, 6], "pivot": [3.75, 71.98162, -55.39757], "rotation": [10.23772, 12.3071, 2.20462], "uv": [180, 159], "mirror": true},
						{"origin": [0.75, 67.3172, -57.27689], "size": [3.75, 3, 1.5], "pivot": [2.625, 74.0672, -56.52689], "rotation": [9.99067, 0.43399, -2.46207], "uv": [0, 97]},
						{"origin": [-1.01624, 67.36025, -56.34338], "size": [2.75, 3, 1.5], "pivot": [1.85686, 68.77301, -55.59338], "rotation": [10.03468, 5.35793, -1.59189], "uv": [1, 97]},
						{"origin": [-1.1196, 70.26325, -56.60564], "size": [1.75, 2, 1.5], "pivot": [-0.2446, 71.26325, -55.85564], "rotation": [-10.03468, -5.35793, 178.40811], "uv": [0, 97]}
					]
				},
				{
					"name": "B_f8",
					"parent": "Head",
					"pivot": [-5.25, 74.98162, -49.39757],
					"rotation": [0, 17.5, 0],
					"cubes": [
						{"origin": [-5.25, 71.98162, -55.39757], "size": [1.5, 4.5, 7.5], "pivot": [-3.75, 71.98162, -55.39757], "rotation": [10.23772, -12.3071, -2.20462], "uv": [88, 163]},
						{"origin": [-3.5, 70.3172, -57.27689], "size": [3.75, 6, 1.5], "pivot": [-2.625, 74.0672, -56.52689], "rotation": [9.99067, -0.43399, 2.46207], "uv": [13, 50], "mirror": true},
						{"origin": [-1.55, 72.27358, -57.27689], "size": [3.75, 4, 1.5], "pivot": [-1.625, 74.0672, -56.52689], "rotation": [9.79434, -5.78844, 4.06625], "uv": [13, 50], "mirror": true}
					]
				},
				{
					"name": "B_f7",
					"parent": "Head",
					"pivot": [6.91717, 76.07648, -42.13168],
					"rotation": [0, -15, 0],
					"cubes": [
						{"origin": [3.75, 71.98162, -47.89757], "size": [1.5, 4.5, 7.5], "pivot": [3.75, 71.98162, -55.39757], "rotation": [10.23772, 12.3071, 2.20462], "uv": [88, 163], "mirror": true}
					]
				},
				{
					"name": "B_f10",
					"parent": "Head",
					"pivot": [6.91717, 71.57648, -42.13168],
					"rotation": [0, -15, 0],
					"cubes": [
						{"origin": [3.75, 67.48162, -49.39757], "size": [1.5, 4.5, 9], "pivot": [3.75, 71.98162, -55.39757], "rotation": [10.23772, 12.3071, 2.20462], "uv": [166, 152], "mirror": true}
					]
				},
				{
					"name": "B_f13",
					"parent": "Head",
					"pivot": [-6.91717, 71.57648, -42.13168],
					"rotation": [0, 15, 0],
					"cubes": [
						{"origin": [-5.25, 67.48162, -49.39757], "size": [1.5, 4.5, 9], "pivot": [-3.75, 71.98162, -55.39757], "rotation": [10.23772, -12.3071, -2.20462], "uv": [166, 152]}
					]
				},
				{
					"name": "B_f9",
					"parent": "Head",
					"pivot": [-6.91717, 76.07648, -42.13168],
					"rotation": [0, 15, 0],
					"cubes": [
						{"origin": [-5.25, 71.98162, -47.89757], "size": [1.5, 4.5, 7.5], "pivot": [-3.75, 71.98162, -55.39757], "rotation": [10.23772, -12.3071, -2.20462], "uv": [88, 163]}
					]
				},
				{
					"name": "B_f",
					"parent": "Head",
					"pivot": [-4.72398, 80.17614, -39.8524],
					"rotation": [0, 10, 0],
					"cubes": [
						{"origin": [-6.22398, 77.17614, -53.3524], "size": [3, 3, 12], "pivot": [-4.72398, 77.17614, -51.8524], "rotation": [2.60881, -15.8, 28.54119], "uv": [221, 41]},
						{"origin": [-5.66611, 77.61084, -58.20265], "size": [1.5, 3, 4.5], "pivot": [-5.66611, 77.61084, -53.70265], "rotation": [3.44805, -43.26376, 26.88731], "uv": [64, 20]},
						{"origin": [-4.52736, 80.48068, -53.89221], "size": [1.5, 3, 13.5], "pivot": [-4.52736, 80.48068, -52.39221], "rotation": [-7.76117, -14.04455, 67.36071], "uv": [36, 97]}
					]
				},
				{
					"name": "B_f2",
					"parent": "Head",
					"pivot": [4.72398, 80.17614, -39.8524],
					"rotation": [0, -10, 0],
					"cubes": [
						{"origin": [3.22398, 77.17614, -53.3524], "size": [3, 3, 12], "pivot": [4.72398, 77.17614, -51.8524], "rotation": [2.60881, 15.8, -28.54119], "uv": [221, 41], "mirror": true},
						{"origin": [3.02736, 80.48068, -53.89221], "size": [1.5, 3, 13.5], "pivot": [4.52736, 80.48068, -52.39221], "rotation": [-7.76117, 14.04455, -67.36071], "uv": [36, 97], "mirror": true},
						{"origin": [4.16611, 77.61084, -58.20265], "size": [1.5, 3, 4.5], "pivot": [5.66611, 77.61084, -53.70265], "rotation": [3.44805, 43.26376, -26.88731], "uv": [64, 20], "mirror": true}
					]
				},
				{
					"name": "B_f3",
					"parent": "Head",
					"pivot": [-0.22398, 82.67614, -43.3524],
					"rotation": [-10, 0, 0],
					"cubes": [
						{"origin": [-3.75, 82.82036, -45.85101], "size": [7.5, 1.5, 6], "pivot": [0, 63.32036, -38.35101], "rotation": [10, 0, 0], "uv": [126, 174]}
					]
				},
				{
					"name": "B_f4",
					"parent": "Head",
					"pivot": [-0.22398, 80.17614, -48.8524],
					"cubes": [
						{"origin": [-2.25, 79.86583, -60.00598], "size": [4.5, 1.5, 6], "pivot": [0, 81.36583, -54.00598], "rotation": [45, 0, 0], "uv": [177, 152]},
						{"origin": [-2.25, 75.62319, -58.24862], "size": [1.5, 1.5, 6], "pivot": [-2.25, 77.12319, -58.24862], "rotation": [43.49297, -10.54529, -10.72858], "uv": [70, 63]},
						{"origin": [0.75, 75.62319, -58.24862], "size": [1.5, 1.5, 6], "pivot": [2.25, 77.12319, -58.24862], "rotation": [43.49297, 10.54529, 10.72858], "uv": [70, 63], "mirror": true},
						{"origin": [-3.75, 82.26865, -50.54168], "size": [7.5, 1.5, 4.5], "pivot": [0, 62.76865, -38.54168], "rotation": [10, 0, 0], "uv": [100, 29]},
						{"origin": [-3.225, 80.62765, -49.52877], "size": [6.75, 1.5, 3], "pivot": [0, 81.87697, -49.66358], "rotation": [-2.5, 0, 0], "uv": [119, 20]}
					]
				},
				{
					"name": "Jaw",
					"parent": "Head",
					"pivot": [0, 73.68236, -40.49616],
					"rotation": [2.5, 0, 0],
					"cubes": [
						{"origin": [-4.5, 64.03682, -54.00731], "size": [3, 3, 16.5], "pivot": [-4.5, 64.03682, -54.00731], "rotation": [10.08453, -7.38542, -1.30962], "uv": [0, 216]},
						{"origin": [1.5, 64.03682, -54.00731], "size": [3, 3, 16.5], "pivot": [4.5, 64.03682, -54.00731], "rotation": [10.08453, 7.38542, 1.30962], "uv": [0, 216], "mirror": true},
						{"origin": [-4.5, 64.03682, -54.00731], "size": [9, 3, 16.5], "pivot": [0, 64.03682, -54.00731], "rotation": [7.5, 0, 0], "uv": [189, 69]},
						{"origin": [-4.5, 64.03682, -45.00731], "size": [9, 16.5, 7.5], "pivot": [0, 64.03682, -54.00731], "rotation": [7.5, 0, 0], "uv": [70, 218]},
						{"origin": [-4.5, 66.99124, -54.52826], "size": [9, 1.5, 0], "pivot": [0, 66.99124, -54.52826], "rotation": [7.5, 0, 0], "uv": [0, 69]},
						{"origin": [5.3733, 68.25134, -54.94751], "size": [0, 1.5, 15], "pivot": [5.3733, 69.00134, -47.44751], "rotation": [10.08453, 7.38542, 1.30962], "uv": [0, 18], "mirror": true},
						{"origin": [-5.3733, 68.25134, -54.94751], "size": [0, 1.5, 15], "pivot": [-5.3733, 69.00134, -47.44751], "rotation": [10.08453, -7.38542, -1.30962], "uv": [0, 18]}
					]
				},
				{
					"name": "B_f15",
					"parent": "Jaw",
					"pivot": [0, 65.53682, -39.00731],
					"cubes": [
						{"origin": [-4.5, 62.53682, -46.50731], "size": [9, 1.5, 7.5], "pivot": [0, 64.03682, -54.00731], "rotation": [7.5, 0, 0], "uv": [94, 20]}
					]
				},
				{
					"name": "B_f16",
					"parent": "Jaw",
					"pivot": [7.5, 67.03682, -40.50731],
					"rotation": [7.5, -5, 0],
					"cubes": [
						{"origin": [1.32988, 62.36326, -55.08626], "size": [4.5, 4.5, 3], "pivot": [1.32988, 63.84657, -55.08626], "rotation": [10.47479, -17.22575, -3.13388], "uv": [160, 102], "mirror": true},
						{"origin": [1.69579, 62.79506, -53.37699], "size": [4.5, 4.5, 15], "pivot": [4.69579, 64.29506, -52.54274], "rotation": [7.58453, 7.38542, 1.30962], "uv": [211, 137], "mirror": true}
					]
				},
				{
					"name": "B_f17",
					"parent": "Jaw",
					"pivot": [-7.5, 67.03682, -40.50731],
					"rotation": [7.5, 5, 0],
					"cubes": [
						{"origin": [-5.82988, 62.36326, -55.08626], "size": [4.5, 4.5, 3], "pivot": [-1.32988, 63.84657, -55.08626], "rotation": [10.47479, 17.22575, 3.13388], "uv": [160, 102]},
						{"origin": [-6.19579, 62.79506, -53.37699], "size": [4.5, 4.5, 15], "pivot": [-4.69579, 64.29506, -52.54274], "rotation": [7.58453, -7.38542, -1.30962], "uv": [211, 137]}
					]
				},
				{
					"name": "B_f14",
					"parent": "Jaw",
					"pivot": [1.5, 65.53682, -48.00731],
					"rotation": [10, 0, 0],
					"cubes": [
						{"origin": [-3, 62.53682, -54.00731], "size": [6, 1.5, 7.5], "pivot": [0, 64.03682, -54.00731], "rotation": [7.5, 0, 0], "uv": [70, 114]},
						{"origin": [-3, 62.53682, -55.50731], "size": [6, 4.5, 1.5], "pivot": [0, 64.03682, -54.00731], "rotation": [7.5, 0, 0], "uv": [70, 122]}
					]
				},
				{
					"name": "Spinspits2",
					"parent": "Head",
					"pivot": [12, 67.04607, -48.2113],
					"cubes": [
						{"origin": [21.75, 62.54607, -53.4613], "size": [0, 7.5, 7.5], "pivot": [21.75, 66.29607, -49.7113], "rotation": [5, 0, 0], "uv": [27, 90]},
						{"origin": [2.25, 64.04607, -50.4613], "size": [0, 7.5, 7.5], "pivot": [2.25, 67.79607, -46.7113], "rotation": [5, 0, 0], "uv": [91, 93]}
					]
				},
				{
					"name": "Spinspits3",
					"parent": "Head",
					"pivot": [-12, 67.04607, -48.2113],
					"mirror": true,
					"cubes": [
						{"origin": [-21.75, 62.54607, -53.4613], "size": [0, 7.5, 7.5], "pivot": [-21.75, 66.29607, -49.7113], "rotation": [5, 0, 0], "uv": [27, 90]},
						{"origin": [-2.25, 64.04607, -50.4613], "size": [0, 7.5, 7.5], "pivot": [-2.25, 67.79607, -46.7113], "rotation": [5, 0, 0], "uv": [91, 93]},
						{"origin": [-2.25, 63.69745, -54.44608], "size": [0, 7.5, 7.5], "pivot": [-2.25, 67.44745, -50.69608], "rotation": [5, 0, 0], "uv": [91, 93]},
						{"origin": [-2.25, 64.04607, -50.4613], "size": [0, 7.5, 7.5], "pivot": [-2.25, 67.79607, -46.7113], "rotation": [5, 0, 0], "uv": [91, 93]}
					]
				},
				{
					"name": "RightArm",
					"parent": "Root_chest",
					"pivot": [10.5, 75.5, -14],
					"cubes": [
						{"origin": [13, 67.5, -21.5], "size": [17, 14, 13.5], "pivot": [14.5, 75.5, -14], "rotation": [22.71805, -33.37773, -25.77692], "uv": [140, 20]},
						{"origin": [28, 70, -20], "size": [47, 10, 10.5], "pivot": [14.5, 75.5, -14], "rotation": [23.39174, -35.67815, -26.96521], "uv": [64, 0]},
						{"origin": [36.56877, 95.47172, 8.59747], "size": [1.5, 7.5, 4], "pivot": [41.31877, 95.22172, 10.59747], "rotation": [141.33002, -41.23036, -156.47182], "uv": [51, 97]},
						{"origin": [36.56877, 93.47172, 0.59747], "size": [1.5, 7.5, 4], "pivot": [41.31877, 95.22172, 10.59747], "rotation": [141.33002, -41.23036, -156.47182], "uv": [51, 97]},
						{"origin": [36.56877, 93.47172, 16.59747], "size": [1.5, 7.5, 4], "pivot": [41.31877, 95.22172, 10.59747], "rotation": [141.33002, -41.23036, -156.47182], "uv": [51, 97]},
						{"origin": [36.56877, 91.47172, 23.59747], "size": [1.5, 7.5, 4], "pivot": [41.31877, 95.22172, 10.59747], "rotation": [141.33002, -41.23036, -156.47182], "uv": [51, 97]}
					]
				},
				{
					"name": "RightForeArm",
					"parent": "RightArm",
					"pivot": [56.5, 96.5, 20],
					"rotation": [-12.5, 0, 0],
					"cubes": [
						{"origin": [56.5, 45.50135, -36.65548], "size": [9, 63, 7.5], "pivot": [61.5, 47.00135, -36.65548], "rotation": [-42.5, 0, -1], "uv": [98, 100]},
						{"origin": [59.75, 39.17154, -31.4076], "size": [1.5, 7.5, 4], "pivot": [64.5, 44.67154, -47.4076], "rotation": [37.5, 0, 0], "uv": [51, 97]},
						{"origin": [59.75, 40.17154, -15.4076], "size": [1.5, 7.5, 4], "pivot": [64.5, 44.67154, -47.4076], "rotation": [37.5, 0, 0], "uv": [51, 97]},
						{"origin": [59.75, 42.17154, -9.4076], "size": [1.5, 7.5, 4], "pivot": [64.5, 44.67154, -47.4076], "rotation": [37.5, 0, 0], "uv": [51, 97]},
						{"origin": [59.75, 74.73137, -12.32717], "size": [1.5, 7.5, 4], "pivot": [60.5, 78.48137, -10.32717], "rotation": [33.01899, -0.0062, 2.21902], "uv": [51, 97]},
						{"origin": [59.75, 76.73137, -1.32717], "size": [1.5, 7.5, 4], "pivot": [60.5, 78.48137, -10.32717], "rotation": [33.01899, -0.0062, 2.21902], "uv": [51, 97]},
						{"origin": [59.75, 56.99934, -27.78042], "size": [1.5, 7.5, 4], "pivot": [64.5, 60.49934, -26.78042], "rotation": [45, 0, 0], "uv": [51, 97]},
						{"origin": [58.5, 40.43442, -38.6259], "size": [8, 63, 7.5], "pivot": [61.5, 41.93442, -31.1259], "rotation": [-47.5, 0, 0], "uv": [130, 100]},
						{"origin": [55, 33.46692, -15.29105], "size": [8, 63, 7.5], "pivot": [60, 64.96692, -11.54105], "rotation": [-47.52717, 1.68868, -1.9], "uv": [130, 100], "mirror": true},
						{"origin": [54.5, 108.50135, -36.65548], "size": [12, 20.5, 12], "pivot": [61.5, 47.00135, -36.65548], "rotation": [-42.5, 0, 0], "uv": [144, 174]},
						{"origin": [56.5, 128.50135, -32.65548], "size": [7, 7.5, 7], "pivot": [61.5, 47.00135, -36.65548], "rotation": [-42.5, 0, 0], "uv": [70, 100]},
						{"origin": [56.4, 102.71671, 26.87097], "size": [7, 7.5, 7], "pivot": [61.5, 110.64504, 26.26028], "rotation": [-65, 0, 0], "uv": [70, 100]},
						{"origin": [58, 135.50135, -29.65548], "size": [4, 7.5, 3], "pivot": [61.5, 47.00135, -36.65548], "rotation": [-42.5, 0, 0], "uv": [166, 138]},
						{"origin": [57.9, 105.55084, 33.36212], "size": [4, 7.5, 3], "pivot": [61.5, 113.05084, 33.36212], "rotation": [-65, 0, 0], "uv": [166, 138]}
					]
				},
				{
					"name": "RightHand",
					"parent": "RightForeArm",
					"pivot": [57.5, 45.95259, -33.43288],
					"rotation": [12.5, 0, 0],
					"cubes": [
						{"origin": [55.75, -13.54741, -37.93288], "size": [9.5, 61.5, 9], "pivot": [64.5, 35.95259, -37.93288], "rotation": [15, 0, 0], "uv": [0, 97]},
						{"origin": [58.75, 33.19377, -35.89881], "size": [3.5, 12.5, 7], "pivot": [64.5, 35.69377, -38.89881], "rotation": [57.5, 0, 0], "uv": [0, 50]},
						{"origin": [59.75, 40.17154, -45.4076], "size": [1.5, 7.5, 4], "pivot": [64.5, 44.67154, -47.4076], "rotation": [37.5, 0, 0], "uv": [51, 97]},
						{"origin": [56, -12.04741, -25.93288], "size": [9, 3, 12], "uv": [208, 118]}
					]
				},
				{
					"name": "Finger7",
					"parent": "RightHand",
					"pivot": [55.6909, 14.3735, -26.34982],
					"rotation": [-64.39168, 73.19722, 125.94788],
					"cubes": [
						{"origin": [54.35849, 3.58738, -25.84839], "size": [3, 18, 4.5], "pivot": [56.47319, 23.82837, -18.09261], "rotation": [-24.98848, 0.54094, 2.44081], "uv": [122, 69]},
						{"origin": [55.07619, 24.71479, -24.94441], "size": [1.5, 12, 3], "pivot": [56.47319, 23.82837, -18.09261], "rotation": [22.51152, 0.54094, 2.44081], "uv": [89, 144]}
					]
				},
				{
					"name": "Finger",
					"parent": "RightHand",
					"pivot": [56.5, -9.04741, -18.43288],
					"cubes": [
						{"origin": [62, -9.04741, -18.43288], "size": [3, 18, 4.5], "pivot": [60.5, -9.04741, -18.43288], "rotation": [-12.48848, 0.54094, 2.44081], "uv": [122, 69]},
						{"origin": [63.5, 7.40746, -13.17567], "size": [1.5, 12, 3], "pivot": [64.28229, 7.40746, -10.17567], "rotation": [22.51152, 0.54094, 2.44081], "uv": [89, 144]}
					]
				},
				{
					"name": "Finger2",
					"parent": "RightHand",
					"pivot": [53.50381, -9.13456, -18.43288],
					"rotation": [0, 0, -5],
					"cubes": [
						{"origin": [55.99964, -9.30079, -18.35742], "size": [3, 18, 4.5], "pivot": [50.50381, -9.13456, -18.43288], "rotation": [-12.48848, 0.54094, 2.44081], "uv": [122, 69]},
						{"origin": [57.49964, 7.14086, -13.2092], "size": [1.5, 12, 3], "pivot": [54.2861, 7.3203, -10.17567], "rotation": [22.51152, 0.54094, 2.44081], "uv": [89, 144]}
					]
				},
				{
					"name": "LeftArm",
					"parent": "Root_chest",
					"pivot": [-10.5, 75.5, -14],
					"cubes": [
						{"origin": [-30, 67.5, -21.5], "size": [17, 14, 13.5], "pivot": [-14.5, 75.5, -14], "rotation": [22.71805, 33.37773, 25.77692], "uv": [140, 20], "mirror": true},
						{"origin": [-38.06877, 93.47172, 0.59747], "size": [1.5, 7.5, 4], "pivot": [-41.31877, 95.22172, 10.59747], "rotation": [141.33002, 41.23036, 156.47182], "uv": [51, 97], "mirror": true},
						{"origin": [-38.06877, 95.47172, 8.59747], "size": [1.5, 7.5, 4], "pivot": [-41.31877, 95.22172, 10.59747], "rotation": [141.33002, 41.23036, 156.47182], "uv": [51, 97], "mirror": true},
						{"origin": [-38.06877, 93.47172, 16.59747], "size": [1.5, 7.5, 4], "pivot": [-41.31877, 95.22172, 10.59747], "rotation": [141.33002, 41.23036, 156.47182], "uv": [51, 97], "mirror": true},
						{"origin": [-38.06877, 91.47172, 23.59747], "size": [1.5, 7.5, 4], "pivot": [-41.31877, 95.22172, 10.59747], "rotation": [141.33002, 41.23036, 156.47182], "uv": [51, 97], "mirror": true},
						{"origin": [-75, 70, -20], "size": [47, 10, 10.5], "pivot": [-14.5, 75.5, -14], "rotation": [23.39174, 35.67815, 26.96521], "uv": [64, 0], "mirror": true}
					]
				},
				{
					"name": "LeftForeArm",
					"parent": "LeftArm",
					"pivot": [-56.5, 96.5, 20],
					"rotation": [-12.5, 0, 0],
					"cubes": [
						{"origin": [-65.5, 45.50135, -36.65548], "size": [9, 63, 7.5], "pivot": [-61.5, 47.00135, -36.65548], "rotation": [-42.5, 0, 1], "uv": [98, 100], "mirror": true},
						{"origin": [-61.25, 39.17154, -31.4076], "size": [1.5, 7.5, 4], "pivot": [-64.5, 44.67154, -47.4076], "rotation": [37.5, 0, 0], "uv": [51, 97], "mirror": true},
						{"origin": [-61.25, 40.17154, -15.4076], "size": [1.5, 7.5, 4], "pivot": [-64.5, 44.67154, -47.4076], "rotation": [37.5, 0, 0], "uv": [51, 97], "mirror": true},
						{"origin": [-61.25, 42.17154, -9.4076], "size": [1.5, 7.5, 4], "pivot": [-64.5, 44.67154, -47.4076], "rotation": [37.5, 0, 0], "uv": [51, 97], "mirror": true},
						{"origin": [-61.25, 74.73137, -12.32717], "size": [1.5, 7.5, 4], "pivot": [-60.5, 78.48137, -10.32717], "rotation": [33.01899, 0.0062, -2.21902], "uv": [51, 97], "mirror": true},
						{"origin": [-61.25, 76.73137, -1.32717], "size": [1.5, 7.5, 4], "pivot": [-60.5, 78.48137, -10.32717], "rotation": [33.01899, 0.0062, -2.21902], "uv": [51, 97], "mirror": true},
						{"origin": [-61.25, 56.99934, -27.78042], "size": [1.5, 7.5, 4], "pivot": [-64.5, 60.49934, -26.78042], "rotation": [45, 0, 0], "uv": [51, 97], "mirror": true},
						{"origin": [-66.5, 40.43442, -38.6259], "size": [8, 63, 7.5], "pivot": [-61.5, 41.93442, -31.1259], "rotation": [-47.5, 0, 0], "uv": [130, 100], "mirror": true},
						{"origin": [-63, 33.46692, -15.29105], "size": [8, 63, 7.5], "pivot": [-60, 64.96692, -11.54105], "rotation": [-47.52717, -1.68868, 1.9], "uv": [130, 100]},
						{"origin": [-66.5, 108.50135, -36.65548], "size": [12, 20.5, 12], "pivot": [-61.5, 47.00135, -36.65548], "rotation": [-42.5, 0, 0], "uv": [144, 174], "mirror": true},
						{"origin": [-63.5, 128.50135, -32.65548], "size": [7, 7.5, 7], "pivot": [-61.5, 47.00135, -36.65548], "rotation": [-42.5, 0, 0], "uv": [70, 100], "mirror": true},
						{"origin": [-63.4, 102.71671, 26.87097], "size": [7, 7.5, 7], "pivot": [-61.5, 110.64504, 26.26028], "rotation": [-65, 0, 0], "uv": [70, 100], "mirror": true},
						{"origin": [-62, 135.50135, -29.65548], "size": [4, 7.5, 3], "pivot": [-61.5, 47.00135, -36.65548], "rotation": [-42.5, 0, 0], "uv": [166, 138], "mirror": true},
						{"origin": [-61.9, 105.55084, 33.36212], "size": [4, 7.5, 3], "pivot": [-61.5, 113.05084, 33.36212], "rotation": [-65, 0, 0], "uv": [166, 138], "mirror": true}
					]
				},
				{
					"name": "LeftHand",
					"parent": "LeftForeArm",
					"pivot": [-57.5, 45.95259, -33.43288],
					"rotation": [12.5, 0, 0],
					"cubes": [
						{"origin": [-65.25, -13.54741, -37.93288], "size": [9.5, 61.5, 9], "pivot": [-64.5, 35.95259, -37.93288], "rotation": [15, 0, 0], "uv": [0, 97], "mirror": true},
						{"origin": [-62.25, 33.19377, -35.89881], "size": [3.5, 12.5, 7], "pivot": [-64.5, 35.69377, -38.89881], "rotation": [57.5, 0, 0], "uv": [0, 50], "mirror": true},
						{"origin": [-61.25, 40.17154, -45.4076], "size": [1.5, 7.5, 4], "pivot": [-64.5, 44.67154, -47.4076], "rotation": [37.5, 0, 0], "uv": [51, 97], "mirror": true},
						{"origin": [-65, -12.04741, -25.93288], "size": [9, 3, 12], "uv": [208, 118], "mirror": true}
					]
				},
				{
					"name": "Finger4",
					"parent": "LeftHand",
					"pivot": [-55.6909, 14.3735, -26.34982],
					"rotation": [-64.39168, -73.19722, -125.94788],
					"cubes": [
						{"origin": [-57.35849, 3.58738, -25.84839], "size": [3, 18, 4.5], "pivot": [-56.47319, 23.82837, -18.09261], "rotation": [-24.98848, -0.54094, -2.44081], "uv": [122, 69], "mirror": true},
						{"origin": [-56.57619, 24.71479, -24.94441], "size": [1.5, 12, 3], "pivot": [-56.47319, 23.82837, -18.09261], "rotation": [22.51152, -0.54094, -2.44081], "uv": [89, 144], "mirror": true}
					]
				},
				{
					"name": "Finger6",
					"parent": "LeftHand",
					"pivot": [-56.5, -9.04741, -18.43288],
					"cubes": [
						{"origin": [-65, -9.04741, -18.43288], "size": [3, 18, 4.5], "pivot": [-60.5, -9.04741, -18.43288], "rotation": [-12.48848, -0.54094, -2.44081], "uv": [122, 69], "mirror": true},
						{"origin": [-65, 7.40746, -13.17567], "size": [1.5, 12, 3], "pivot": [-64.28229, 7.40746, -10.17567], "rotation": [22.51152, -0.54094, -2.44081], "uv": [89, 144], "mirror": true}
					]
				},
				{
					"name": "Finger8",
					"parent": "LeftHand",
					"pivot": [-53.50381, -9.13456, -18.43288],
					"rotation": [0, 0, 5],
					"cubes": [
						{"origin": [-58.99964, -9.30079, -18.35742], "size": [3, 18, 4.5], "pivot": [-50.50381, -9.13456, -18.43288], "rotation": [-12.48848, -0.54094, -2.44081], "uv": [122, 69], "mirror": true},
						{"origin": [-58.99964, 7.14086, -13.2092], "size": [1.5, 12, 3], "pivot": [-54.2861, 7.3203, -10.17567], "rotation": [22.51152, -0.54094, -2.44081], "uv": [89, 144], "mirror": true}
					]
				},
				{
					"name": "Body2",
					"parent": "All_body",
					"pivot": [0, 69.49326, -6.83094],
					"rotation": [-7.5, 0, 0],
					"cubes": [
						{"origin": [-7.5, 57.26269, -9.83094], "size": [15, 16.5, 34.5], "pivot": [0, 55.99326, -6.83094], "rotation": [-5, 0, 0], "uv": [0, 0]},
						{"origin": [-7.5, 68.7023, -9.85917], "size": [15, 3, 28.5], "pivot": [0, 71.7023, 18.64083], "rotation": [-7.5, 0, 0], "uv": [64, 69]},
						{"origin": [-1.5, 73.99326, -9.83094], "size": [3, 4.5, 28.5], "pivot": [0, 78.49326, -9.83094], "rotation": [-12.5, 0, 0], "uv": [132, 142]},
						{"origin": [-0.5, 78.56582, 2.69195], "size": [1.5, 7.5, 4], "pivot": [0.5, 82.31582, -7.30805], "rotation": [-37.5, 0, 0], "uv": [51, 97]},
						{"origin": [-0.75, 76.99326, -5.33094], "size": [1.5, 3, 1.5], "pivot": [1.5, 76.99326, -5.33094], "rotation": [-17.5, 0, 0], "uv": [30, 0]},
						{"origin": [-0.75, 77.01711, -2.33094], "size": [1.5, 3, 1.5], "pivot": [1.5, 76.99326, -5.33094], "rotation": [-17.5, 0, 0], "uv": [30, 0]},
						{"origin": [-0.75, 77.01711, 7.66906], "size": [1.5, 3, 1.5], "pivot": [1.5, 76.99326, -5.33094], "rotation": [-17.5, 0, 0], "uv": [30, 0]},
						{"origin": [-0.75, 77.01711, 10.66906], "size": [1.5, 3, 1.5], "pivot": [1.5, 76.99326, -5.33094], "rotation": [-17.5, 0, 0], "uv": [30, 0]},
						{"origin": [-7.5, 55.39582, -9.79153], "size": [3, 16.5, 28.5], "pivot": [-7.5, 55.39582, 17.20847], "rotation": [-5.019, 4.98093, -0.43688], "uv": [36, 100]},
						{"origin": [4.5, 55.39582, -9.79153], "size": [3, 16.5, 28.5], "pivot": [7.5, 55.39582, 17.20847], "rotation": [-5.019, -4.98093, 0.43688], "uv": [36, 100], "mirror": true},
						{"origin": [-10.5, 58.99326, 15.66906], "size": [21, 19.5, 16.5], "pivot": [0, 65.74326, 40.41906], "rotation": [17.5, 0, 0], "uv": [82, 34]}
					]
				},
				{
					"name": "Particle",
					"pivot": [0, 0, 0],
					"locators": {
						"w3": [-12, 0, 35],
						"w4": [12, 0, 35],
						"w2": [62, 0, -79],
						"w5": [-62, 0, -79],
						"blood": [0, 34, -37]
					}
				}
			]
		}
	]
}