{
	"format_version": "1.12.0",
	"minecraft:geometry": [
		{
			"description": {
				"identifier": "geometry.gojidraw_hearing_aid_m",
				"texture_width": 32,
				"texture_height": 32,
				"visible_bounds_width": 2,
				"visible_bounds_height": 3.5,
				"visible_bounds_offset": [0, 1.25, 0]
			},
			"bones": [
				{
					"name": "Head",
					"pivot": [0, 24, 0],
					"cubes": [
						{"origin": [-4, 24, -4], "size": [8, 8, 8], "uv": [0, 0]},
						{"origin": [-4.5, 26, 2], "size": [1, 4, 1], "uv": [0, 16]},
						{"origin": [-4.5, 25, 1], "size": [1, 3, 1], "uv": [0, 0]},
						{"origin": [-4.2, 29.5, -1.6], "size": [0, 2, 2.5], "pivot": [-4, 31.5, 1], "rotation": [42.52718, -1.84293, -1.68956], "uv": [1, 28]},
						{"origin": [-4.2, 29.5, 0], "size": [0, 2, 3], "pivot": [-4, 31.5, 1], "rotation": [-45, 0, 0], "uv": [24, 27]},
						{"origin": [-4.5, 28, -1], "size": [1, 2, 1], "uv": [6, 29]},
						{"origin": [-4.49, 27, -1], "size": [1, 1, 1], "pivot": [-4, 28, -1], "rotation": [15, 0, 0], "uv": [0, 6]},
						{"origin": [-4.45, 28, 1], "size": [1, 2.23, 1], "pivot": [-5, 28, 1], "rotation": [-26.4, 0, 0], "uv": [4, 0]},
						{"origin": [-4.49, 25, 1], "size": [1, 1.41, 1], "pivot": [-8, 25, 2], "rotation": [-45, 0, 0], "uv": [0, 6]}
					]
				}
			]
		}
	]
}