{
	"format_version": "1.12.0",
	"minecraft:geometry": [
		{
			"description": {
				"identifier": "geometry.gojidraw_death_angel_sword",
				"texture_width": 64,
				"texture_height": 64,
				"visible_bounds_width": 6,
				"visible_bounds_height": 6,
				"visible_bounds_offset": [0, 2, 0]
			},
			"bones": [
				{
					"name": "rightitem",
					"pivot": [0.25, -0.22934, -0.5]
				},
				{
					"name": "G",
					"parent": "rightitem",
					"pivot": [0, -1, 0],
					"rotation": [90, 0, 0],
					"cubes": [
						{"origin": [-1.5, -6, -1.5], "size": [3, 16, 3], "inflate": -0.025, "uv": [14, 0]},
						{"origin": [-2, 9.5, -3], "size": [4, 3, 6], "uv": [8, 19]},
						{"origin": [-2, -6, -2], "size": [4, 2, 4], "uv": [24, 24]},
						{"origin": [-2, 5.5, -2], "size": [4, 2, 4], "uv": [24, 24]}
					]
				},
				{
					"name": "Finger",
					"parent": "G",
					"pivot": [1.5, 10.95259, 2.43288],
					"rotation": [0, 0, -2.5],
					"cubes": [
						{"origin": [-1.5, 10.95259, -2.06712], "size": [3, 18, 4.5], "pivot": [-1.5, 10.95259, 2.43288], "rotation": [12.48848, -0.54094, 2.44081], "uv": [0, 0]},
						{"origin": [0, 27.40746, -5.82433], "size": [1.5, 12, 3], "pivot": [2.28229, 27.40746, -5.82433], "rotation": [-22.51152, -0.54094, 2.44081], "uv": [0, 22]}
					]
				}
			]
		}
	]
}