{
	"format_version": "1.12.0",
	"minecraft:geometry": [
		{
			"description": {
				"identifier": "geometry.gojidraw_death_angel1",
				"texture_width": 256,
				"texture_height": 256,
				"visible_bounds_width": 9,
				"visible_bounds_height": 7.5,
				"visible_bounds_offset": [0, 3.25, 0]
			},
			"bones": [
				{
					"name": "Root",
					"pivot": [0, 0, 0]
				},
				{
					"name": "RightLeg",
					"parent": "Root",
					"pivot": [8, 37, 23],
					"cubes": [
						{"origin": [4, 22, 17], "size": [8, 20, 2], "pivot": [8, 39, 23], "rotation": [12.5, 0, 0], "uv": [0, 0]},
						{"origin": [3.9, 13.10433, 20.8217], "size": [8.2, 8, 2], "pivot": [8, 21.10433, 20.8217], "rotation": [60, 0, 0], "uv": [131, 139]},
						{"origin": [4, 20, 20], "size": [8, 22, 5], "pivot": [8, 39, 23], "rotation": [12.5, 0, 0], "uv": [122, 43]},
						{"origin": [4, 21, 19], "size": [8, 21, 1], "pivot": [8, 39, 23], "rotation": [12.5, 0, 0], "uv": [18, 124]}
					]
				},
				{
					"name": "RightForeLeg",
					"parent": "RightLeg",
					"pivot": [8, 21, 26],
					"cubes": [
						{"origin": [5, 0, 37], "size": [6, 28, 5], "pivot": [8, 26, 39.5], "rotation": [10, 0, 0], "uv": [40, 93]},
						{"origin": [4, 22, 25], "size": [8, 3, 9], "pivot": [8, 39, 23], "rotation": [12.5, 0, 0], "uv": [43, 11]},
						{"origin": [4.5, 22.71269, 23.76941], "size": [7, 5, 12], "pivot": [8, 27.71269, 36.76941], "rotation": [27.5, 0, 0], "uv": [96, 11]},
						{"origin": [7, 28, 40], "size": [2, 6, 2], "pivot": [8, 26, 39.5], "rotation": [10, 0, 0], "uv": [43, 11]},
						{"origin": [6.5, 25.09769, 39.11657], "size": [3, 6, 2], "pivot": [8, 31.09769, 39.61657], "rotation": [-17.5, 0, 0], "uv": [0, 61]},
						{"origin": [4.5, 0, 41], "size": [7, 2, 7], "uv": [39, 63]}
					]
				},
				{
					"name": "Finger5",
					"parent": "RightForeLeg",
					"pivot": [8.21715, -2.95162, 45],
					"rotation": [0, 0, -2.5],
					"cubes": [
						{"origin": [6.21715, 1.04838, 45], "size": [4, 8, 3], "pivot": [6.21715, -2.95162, 45], "rotation": [-12.48848, 0.54094, 2.44081], "uv": [210, 155]},
						{"origin": [7.21715, 8.01829, 48.50481], "size": [3, 8, 2], "pivot": [8.73867, 8.01829, 50.50481], "rotation": [22.51152, 0.54094, 2.44081], "uv": [214, 202]}
					]
				},
				{
					"name": "LeftLeg",
					"parent": "Root",
					"pivot": [-8, 37, 23],
					"cubes": [
						{"origin": [-12, 22, 17], "size": [8, 20, 2], "pivot": [-8, 39, 23], "rotation": [12.5, 0, 0], "uv": [0, 0], "mirror": true},
						{"origin": [-12.1, 13.10433, 20.8217], "size": [8.2, 8, 2], "pivot": [-8, 21.10433, 20.8217], "rotation": [60, 0, 0], "uv": [131, 139], "mirror": true},
						{"origin": [-12, 20, 20], "size": [8, 22, 5], "pivot": [-8, 39, 23], "rotation": [12.5, 0, 0], "uv": [122, 43], "mirror": true},
						{"origin": [-12, 21, 19], "size": [8, 21, 1], "pivot": [-8, 39, 23], "rotation": [12.5, 0, 0], "uv": [18, 124], "mirror": true}
					]
				},
				{
					"name": "LeftForeLeg",
					"parent": "LeftLeg",
					"pivot": [-8, 21, 26],
					"cubes": [
						{"origin": [-11.5, 22.71269, 23.76941], "size": [7, 5, 12], "pivot": [-8, 27.71269, 36.76941], "rotation": [27.5, 0, 0], "uv": [96, 11], "mirror": true},
						{"origin": [-12, 22, 25], "size": [8, 3, 9], "pivot": [-8, 39, 23], "rotation": [12.5, 0, 0], "uv": [43, 11], "mirror": true},
						{"origin": [-11, 0, 37], "size": [6, 28, 5], "pivot": [-8, 26, 39.5], "rotation": [10, 0, 0], "uv": [40, 93], "mirror": true},
						{"origin": [-9, 28, 40], "size": [2, 6, 2], "pivot": [-8, 26, 39.5], "rotation": [10, 0, 0], "uv": [43, 11], "mirror": true},
						{"origin": [-9.5, 25.09769, 39.11657], "size": [3, 6, 2], "pivot": [-8, 31.09769, 39.61657], "rotation": [-17.5, 0, 0], "uv": [0, 61], "mirror": true},
						{"origin": [-11.5, 0, 41], "size": [7, 2, 7], "uv": [39, 63], "mirror": true}
					]
				},
				{
					"name": "Finger6",
					"parent": "LeftForeLeg",
					"pivot": [-8.21715, -2.95162, 45],
					"rotation": [0, 0, 2.5],
					"cubes": [
						{"origin": [-10.21715, 1.04838, 45], "size": [4, 8, 3], "pivot": [-6.21715, -2.95162, 45], "rotation": [-12.48848, -0.54094, -2.44081], "uv": [210, 155], "mirror": true},
						{"origin": [-10.21715, 8.01829, 48.50481], "size": [3, 8, 2], "pivot": [-8.73867, 8.01829, 50.50481], "rotation": [22.51152, -0.54094, -2.44081], "uv": [214, 202], "mirror": true}
					]
				},
				{
					"name": "All_body",
					"parent": "Root",
					"pivot": [0, 39, 21]
				},
				{
					"name": "Root_chest",
					"parent": "All_body",
					"pivot": [0, 44, 0]
				},
				{
					"name": "Body",
					"parent": "Root_chest",
					"pivot": [0, 43.9453, -0.00054],
					"rotation": [-10, 0, 0],
					"cubes": [
						{"origin": [-8, 36.42127, -10.96327], "size": [8, 3, 12], "pivot": [-8, 36.42127, 0.09014], "rotation": [0, 0, 17.5], "uv": [96, 28], "mirror": true},
						{"origin": [0, 36.42127, -10.96327], "size": [8, 3, 12], "pivot": [8, 36.42127, 0.09014], "rotation": [0, 0, -17.5], "uv": [96, 28]},
						{"origin": [-8, 36.42127, -11.90986], "size": [16, 14, 13], "uv": [0, 34]},
						{"origin": [-1.5, 50.42127, -11.90986], "size": [3, 2, 13], "pivot": [0, 52.42127, -11.90986], "rotation": [-5, 0, 0], "uv": [23, 195]},
						{"origin": [-1, 52.42127, -11.90986], "size": [2, 2, 2], "pivot": [0, 52.42127, -11.90986], "rotation": [-17.5, 0, 0], "uv": [96, 177]},
						{"origin": [-1, 52.42127, -8.90986], "size": [2, 2, 2], "pivot": [0, 52.42127, -8.90986], "rotation": [-17.5, 0, 0], "uv": [96, 177]},
						{"origin": [-1, 51.42127, -5.90986], "size": [2, 2, 2], "pivot": [0, 51.42127, -5.90986], "rotation": [-17.5, 0, 0], "uv": [96, 177]},
						{"origin": [-1, 51.42127, -1.90986], "size": [2, 2, 2], "pivot": [0, 51.42127, -1.90986], "rotation": [-17.5, 0, 0], "uv": [96, 177]},
						{"origin": [-7, 41.42127, -17.90986], "size": [14, 9, 6], "pivot": [0, 50.42127, -11.90986], "rotation": [17.5, 0, 0], "uv": [106, 76]},
						{"origin": [-6, 41.42127, -14.90986], "size": [12, 9, 5], "pivot": [0, 41.42127, -17.90986], "rotation": [-40, 0, 0], "uv": [57, 123]},
						{"origin": [-5, 39.49291, -23.61173], "size": [10, 8, 9], "pivot": [0, 39.49291, -15.61173], "rotation": [-15, 0, 0], "uv": [62, 106]},
						{"origin": [-4.5, 41.29086, -21.26858], "size": [9, 8, 9], "uv": [100, 106]},
						{"origin": [4, 38.42127, -10.90986], "size": [7, 13, 11], "uv": [86, 52]},
						{"origin": [-11, 38.42127, -10.90986], "size": [7, 13, 11], "uv": [81, 82]},
						{"origin": [-1, 33.42127, -12.90986], "size": [2, 2, 15], "uv": [121, 108]},
						{"origin": [-1, 35.42127, -12.90986], "size": [2, 2, 15], "uv": [121, 108]}
					]
				},
				{
					"name": "Head",
					"parent": "Body",
					"pivot": [0, 43.49291, -21.61173],
					"cubes": [
						{"origin": [-2.5, 40.63489, -32.84899], "size": [1, 6, 10], "pivot": [-2.5, 43.63489, -32.84899], "rotation": [10.23772, -12.3071, -2.20462], "uv": [56, 24]},
						{"origin": [1.5, 40.63489, -32.84899], "size": [1, 6, 10], "pivot": [2.5, 43.63489, -32.84899], "rotation": [10.23772, 12.3071, 2.20462], "uv": [56, 24], "mirror": true},
						{"origin": [-2.5, 39.63489, -32.84899], "size": [0, 1, 10], "pivot": [-2.5, 43.63489, -32.84899], "rotation": [10.23772, -12.3071, -2.20462], "uv": [0, 12]},
						{"origin": [2.5, 39.63489, -32.84899], "size": [0, 1, 10], "pivot": [2.5, 43.63489, -32.84899], "rotation": [10.23772, 12.3071, 2.20462], "uv": [0, 12], "mirror": true},
						{"origin": [-1.5, 41.66527, -32.50169], "size": [2, 5, 10], "pivot": [-2.5, 41.66527, -32.50169], "rotation": [7.73772, -12.3071, -2.20462], "uv": [0, 136]},
						{"origin": [-0.5, 41.66527, -32.50169], "size": [2, 5, 10], "pivot": [2.5, 41.66527, -32.50169], "rotation": [7.73772, 12.3071, 2.20462], "uv": [0, 136], "mirror": true},
						{"origin": [-3.14932, 47.0979, -31.48554], "size": [3, 2, 8], "pivot": [-3.14932, 47.0979, -30.48554], "rotation": [2.60881, -15.8, 28.54119], "uv": [109, 0]},
						{"origin": [0.14932, 47.0979, -31.48554], "size": [3, 2, 8], "pivot": [3.14932, 47.0979, -30.48554], "rotation": [2.60881, 15.8, -28.54119], "uv": [109, 0], "mirror": true},
						{"origin": [-2.17302, 48.84123, -31.57316], "size": [3, 2, 8], "pivot": [-2.17302, 48.84123, -30.57316], "rotation": [-11.10175, -11.6, 82.52697], "uv": [109, 0]},
						{"origin": [-0.82698, 48.84123, -31.57316], "size": [3, 2, 8], "pivot": [2.17302, 48.84123, -30.57316], "rotation": [-11.10175, 11.6, -82.52697], "uv": [109, 0], "mirror": true},
						{"origin": [-2.5, 43.49291, -31.61173], "size": [5, 5, 11], "pivot": [0, 37.49291, -21.61173], "rotation": [10, 0, 0], "uv": [122, 0]},
						{"origin": [-5.5, 38.49291, -22.61173], "size": [11, 10, 4], "pivot": [0, 37.49291, -21.61173], "rotation": [10, 0, 0], "uv": [125, 125]},
						{"origin": [-7, 49.28021, -25.0428], "size": [4, 2, 3], "pivot": [-3, 51.28021, -24.0428], "rotation": [5.77509, 8.17773, -54.58682], "uv": [68, 11]},
						{"origin": [3, 49.28021, -25.0428], "size": [4, 2, 3], "pivot": [3, 51.28021, -24.0428], "rotation": [5.77509, -8.17773, 54.58682], "uv": [68, 11], "mirror": true},
						{"origin": [-3, 48.49291, -22.61173], "size": [6, 3, 3], "pivot": [0, 37.49291, -21.61173], "rotation": [10, 0, 0], "uv": [62, 93]},
						{"origin": [-2.9, 48.62751, -25.07319], "size": [5.8, 3, 3], "pivot": [0, 51.62751, -22.07319], "rotation": [27.5, 0, 0], "uv": [34, 85]},
						{"origin": [-2.5, 42.49291, -31.61173], "size": [5, 1, 1], "pivot": [0, 37.49291, -21.61173], "rotation": [10, 0, 0], "uv": [45, 44]},
						{"origin": [-2.5, 41.49291, -31.61173], "size": [5, 1, 0], "pivot": [0, 37.49291, -21.61173], "rotation": [10, 0, 0], "uv": [45, 39]},
						{"origin": [-2.5, 40.58931, -33.36993], "size": [5, 6, 2.8], "pivot": [0, 46.58931, -33.36993], "rotation": [55, 0, 0], "uv": [91, 106]},
						{"origin": [-2.5, 48.49291, -29.61173], "size": [5, 2, 9], "pivot": [0, 37.49291, -21.61173], "rotation": [10, 0, 0], "uv": [136, 31]}
					]
				},
				{
					"name": "B_f6",
					"parent": "Head",
					"pivot": [3.5, 45.63489, -28.84899],
					"cubes": [
						{"origin": [2.5, 43.63489, -32.84899], "size": [1, 3, 5], "pivot": [2.5, 43.63489, -32.84899], "rotation": [10.23772, 12.3071, 2.20462], "uv": [0, 34], "mirror": true},
						{"origin": [0.5, 42.52527, -34.10187], "size": [2.5, 4, 1], "pivot": [1.75, 45.02527, -33.60187], "rotation": [9.99067, 0.43399, -2.46207], "uv": [7, 34]}
					]
				},
				{
					"name": "B_f11",
					"parent": "Head",
					"pivot": [3.5, 42.63489, -28.84899],
					"cubes": [
						{"origin": [2.5, 40.63489, -32.84899], "size": [1, 3, 4], "pivot": [2.5, 43.63489, -32.84899], "rotation": [10.23772, 12.3071, 2.20462], "uv": [68, 23], "mirror": true},
						{"origin": [0.5, 40.52527, -34.10187], "size": [2.5, 2, 1], "pivot": [1.75, 45.02527, -33.60187], "rotation": [9.99067, 0.43399, -2.46207], "uv": [68, 30]}
					]
				},
				{
					"name": "B_f12",
					"parent": "Head",
					"pivot": [-3.5, 42.63489, -28.84899],
					"cubes": [
						{"origin": [-3.5, 40.63489, -32.84899], "size": [1, 3, 4], "pivot": [-2.5, 43.63489, -32.84899], "rotation": [10.23772, -12.3071, -2.20462], "uv": [68, 23]},
						{"origin": [-3, 40.52527, -34.10187], "size": [2.5, 2, 1], "pivot": [-1.75, 45.02527, -33.60187], "rotation": [9.99067, -0.43399, 2.46207], "uv": [68, 30], "mirror": true}
					]
				},
				{
					"name": "B_f8",
					"parent": "Head",
					"pivot": [-3.5, 45.63489, -28.84899],
					"cubes": [
						{"origin": [-3.5, 43.63489, -32.84899], "size": [1, 3, 5], "pivot": [-2.5, 43.63489, -32.84899], "rotation": [10.23772, -12.3071, -2.20462], "uv": [0, 34]},
						{"origin": [-3, 42.52527, -34.10187], "size": [2.5, 4, 1], "pivot": [-1.75, 45.02527, -33.60187], "rotation": [9.99067, -0.43399, 2.46207], "uv": [7, 34], "mirror": true}
					]
				},
				{
					"name": "B_f7",
					"parent": "Head",
					"pivot": [4.61145, 46.36479, -24.00506],
					"cubes": [
						{"origin": [2.5, 43.63489, -27.84899], "size": [1, 3, 5], "pivot": [2.5, 43.63489, -32.84899], "rotation": [10.23772, 12.3071, 2.20462], "uv": [0, 34], "mirror": true}
					]
				},
				{
					"name": "B_f10",
					"parent": "Head",
					"pivot": [4.61145, 43.36479, -24.00506],
					"cubes": [
						{"origin": [2.5, 40.63489, -28.84899], "size": [1, 3, 6], "pivot": [2.5, 43.63489, -32.84899], "rotation": [10.23772, 12.3071, 2.20462], "uv": [96, 43], "mirror": true}
					]
				},
				{
					"name": "B_f13",
					"parent": "Head",
					"pivot": [-4.61145, 43.36479, -24.00506],
					"cubes": [
						{"origin": [-3.5, 40.63489, -28.84899], "size": [1, 3, 6], "pivot": [-2.5, 43.63489, -32.84899], "rotation": [10.23772, -12.3071, -2.20462], "uv": [96, 43]}
					]
				},
				{
					"name": "B_f9",
					"parent": "Head",
					"pivot": [-4.61145, 46.36479, -24.00506],
					"cubes": [
						{"origin": [-3.5, 43.63489, -27.84899], "size": [1, 3, 5], "pivot": [-2.5, 43.63489, -32.84899], "rotation": [10.23772, -12.3071, -2.20462], "uv": [0, 34]}
					]
				},
				{
					"name": "B_f",
					"parent": "Head",
					"pivot": [-3.14932, 49.0979, -22.48554],
					"cubes": [
						{"origin": [-4.14932, 47.0979, -31.48554], "size": [2, 2, 8], "pivot": [-3.14932, 47.0979, -30.48554], "rotation": [2.60881, -15.8, 28.54119], "uv": [111, 136]},
						{"origin": [-3.77741, 47.3877, -34.71904], "size": [1, 2, 3], "pivot": [-3.77741, 47.3877, -31.71904], "rotation": [3.44805, -43.26376, 26.88731], "uv": [60, 63]},
						{"origin": [-3.01824, 49.30093, -31.84542], "size": [1, 2, 9], "pivot": [-3.01824, 49.30093, -30.84542], "rotation": [-7.76117, -14.04455, 67.36071], "uv": [73, 67]}
					]
				},
				{
					"name": "B_f2",
					"parent": "Head",
					"pivot": [3.14932, 49.0979, -22.48554],
					"cubes": [
						{"origin": [2.14932, 47.0979, -31.48554], "size": [2, 2, 8], "pivot": [3.14932, 47.0979, -30.48554], "rotation": [2.60881, 15.8, -28.54119], "uv": [111, 136], "mirror": true},
						{"origin": [2.01824, 49.30093, -31.84542], "size": [1, 2, 9], "pivot": [3.01824, 49.30093, -30.84542], "rotation": [-7.76117, 14.04455, -67.36071], "uv": [73, 67], "mirror": true},
						{"origin": [2.77741, 47.3877, -34.71904], "size": [1, 2, 3], "pivot": [3.77741, 47.3877, -31.71904], "rotation": [3.44805, 43.26376, -26.88731], "uv": [60, 63], "mirror": true}
					]
				},
				{
					"name": "B_f3",
					"parent": "Head",
					"pivot": [-0.14932, 50.0979, -23.48554],
					"cubes": [
						{"origin": [-2.5, 50.49291, -26.61173], "size": [5, 1, 4], "pivot": [0, 37.49291, -21.61173], "rotation": [10, 0, 0], "uv": [62, 99]}
					]
				},
				{
					"name": "B_f4",
					"parent": "Head",
					"pivot": [-0.14932, 49.0979, -28.48554],
					"cubes": [
						{"origin": [-1.5, 48.89103, -35.92126], "size": [3, 1, 4], "pivot": [0, 49.89103, -31.92126], "rotation": [45, 0, 0], "uv": [91, 11]},
						{"origin": [-1.5, 46.0626, -34.74969], "size": [1, 1, 4], "pivot": [-1.5, 47.0626, -34.74969], "rotation": [43.49297, -10.54529, -10.72858], "uv": [45, 34]},
						{"origin": [0.5, 46.0626, -34.74969], "size": [1, 1, 4], "pivot": [1.5, 47.0626, -34.74969], "rotation": [43.49297, 10.54529, 10.72858], "uv": [45, 34], "mirror": true},
						{"origin": [-2.5, 50.49291, -29.61173], "size": [5, 1, 3], "pivot": [0, 37.49291, -21.61173], "rotation": [10, 0, 0], "uv": [50, 78]},
						{"origin": [-2.15, 49.39891, -28.93646], "size": [4.5, 1, 2], "pivot": [0, 50.23179, -29.02633], "rotation": [-2.5, 0, 0], "uv": [45, 41]}
					]
				},
				{
					"name": "Jaw",
					"parent": "Head",
					"pivot": [0, 41.49291, -21.61173],
					"rotation": [2.5, 0, 0],
					"cubes": [
						{"origin": [-3, 37.72604, -31.8071], "size": [2, 2, 11], "pivot": [-3, 37.72604, -31.8071], "rotation": [10.08453, -7.38542, -1.30962], "uv": [36, 126]},
						{"origin": [1, 37.72604, -31.8071], "size": [2, 2, 11], "pivot": [3, 37.72604, -31.8071], "rotation": [10.08453, 7.38542, 1.30962], "uv": [36, 126], "mirror": true},
						{"origin": [2.5, 39.63489, -32.66327], "size": [0, 1, 9], "pivot": [2.5, 43.63489, -32.84899], "rotation": [10.23772, 12.3071, 2.20462], "uv": [45, 31]},
						{"origin": [-2.5, 39.63489, -32.66327], "size": [0, 1, 9], "pivot": [-2.5, 43.63489, -32.84899], "rotation": [10.23772, -12.3071, -2.20462], "uv": [45, 31], "mirror": true},
						{"origin": [-3, 37.72604, -31.8071], "size": [6, 2, 11], "pivot": [0, 37.72604, -31.8071], "rotation": [7.5, 0, 0], "uv": [91, 123]},
						{"origin": [-3, 37.72604, -25.8071], "size": [6, 11, 5], "pivot": [0, 37.72604, -31.8071], "rotation": [7.5, 0, 0], "uv": [175, 184]},
						{"origin": [-3, 39.69565, -32.1544], "size": [6, 1, 0], "pivot": [0, 39.69565, -32.1544], "rotation": [7.5, 0, 0], "uv": [45, 46]}
					]
				},
				{
					"name": "B_f15",
					"parent": "Jaw",
					"pivot": [0, 38.72604, -21.8071],
					"cubes": [
						{"origin": [-3, 36.72604, -26.8071], "size": [6, 1, 5], "pivot": [0, 37.72604, -31.8071], "rotation": [7.5, 0, 0], "uv": [88, 76]}
					]
				},
				{
					"name": "B_f16",
					"parent": "Jaw",
					"pivot": [5, 39.72604, -22.8071],
					"cubes": [
						{"origin": [0.88658, 36.61034, -32.5264], "size": [3, 3, 2], "pivot": [0.88658, 37.59921, -32.5264], "rotation": [10.47479, -17.22575, -3.13388], "uv": [0, 42], "mirror": true},
						{"origin": [1.13053, 36.8982, -31.38689], "size": [3, 3, 10], "pivot": [3.13053, 37.8982, -30.83072], "rotation": [7.58453, 7.38542, 1.30962], "uv": [124, 18], "mirror": true}
					]
				},
				{
					"name": "B_f17",
					"parent": "Jaw",
					"pivot": [-5, 39.72604, -22.8071],
					"cubes": [
						{"origin": [-3.88658, 36.61034, -32.5264], "size": [3, 3, 2], "pivot": [-0.88658, 37.59921, -32.5264], "rotation": [10.47479, 17.22575, 3.13388], "uv": [0, 42]},
						{"origin": [-4.13053, 36.8982, -31.38689], "size": [3, 3, 10], "pivot": [-3.13053, 37.8982, -30.83072], "rotation": [7.58453, -7.38542, -1.30962], "uv": [124, 18]}
					]
				},
				{
					"name": "B_f14",
					"parent": "Jaw",
					"pivot": [1, 38.72604, -27.8071],
					"cubes": [
						{"origin": [-2, 36.72604, -31.8071], "size": [4, 1, 5], "pivot": [0, 37.72604, -31.8071], "rotation": [7.5, 0, 0], "uv": [50, 72]},
						{"origin": [-2, 36.72604, -32.8071], "size": [4, 3, 1], "pivot": [0, 37.72604, -31.8071], "rotation": [7.5, 0, 0], "uv": [68, 16]}
					]
				},
				{
					"name": "B_f5",
					"parent": "Head",
					"pivot": [0, 46.49291, -33.61173],
					"cubes": [
						{"origin": [-1, 40.6045, -34.19629], "size": [2, 6, 1], "pivot": [0, 45.6045, -33.19629], "rotation": [7.50107, 0.02632, 0.06763], "uv": [39, 63]}
					]
				},
				{
					"name": "Spinspits",
					"parent": "Head",
					"pivot": [-2.5, 39.84452, -29.05814],
					"cubes": [
						{"origin": [-2.5, 37.34452, -31.55814], "size": [0, 5, 5], "pivot": [-2.5, 39.84452, -29.05814], "rotation": [5, 0, 0], "uv": [3, 163]},
						{"origin": [-14.5, 37.34452, -31.55814], "size": [0, 5, 5], "pivot": [-14.5, 39.84452, -29.05814], "rotation": [5, 0, 0], "uv": [51, 184]}
					]
				},
				{
					"name": "Spinspits2",
					"parent": "Head",
					"pivot": [1.5, 40.84452, -27.05814],
					"cubes": [
						{"origin": [14.5, 37.34452, -31.55814], "size": [0, 5, 5], "pivot": [14.5, 39.84452, -29.05814], "rotation": [5, 0, 0], "uv": [51, 184], "mirror": true},
						{"origin": [1.5, 38.34452, -29.55814], "size": [0, 5, 5], "pivot": [1.5, 40.84452, -27.05814], "rotation": [5, 0, 0], "uv": [36, 228]}
					]
				},
				{
					"name": "RightArm",
					"parent": "Root_chest",
					"pivot": [7, 47, -8],
					"cubes": [
						{"origin": [6, 43, -11], "size": [10, 8, 7], "pivot": [7, 47, -8], "rotation": [22.71805, -33.37773, -25.77692], "uv": [117, 91]},
						{"origin": [16, 44, -10], "size": [28, 6, 5], "pivot": [7, 47, -8], "rotation": [23.39174, -35.67815, -26.96521], "uv": [43, 0]}
					]
				},
				{
					"name": "RightForeArm",
					"parent": "RightArm",
					"pivot": [33, 59, 14],
					"cubes": [
						{"origin": [33, 31.0009, -18.43699], "size": [4, 42, 5], "pivot": [35, 32.0009, -18.43699], "rotation": [-42.5, 0, -1], "uv": [0, 85]},
						{"origin": [33, 27.62295, -19.7506], "size": [4, 42, 5], "pivot": [35, 28.62295, -14.7506], "rotation": [-47.5, 0, 0], "uv": [78, 11]},
						{"origin": [32, 22.97795, -4.19403], "size": [4, 42, 5], "pivot": [34, 43.97795, -1.69403], "rotation": [-47.52717, 1.68868, -1.9], "uv": [78, 11], "mirror": true},
						{"origin": [33, 73.0009, -18.43699], "size": [4, 5, 8], "pivot": [35, 32.0009, -18.43699], "rotation": [-42.5, 0, 0], "uv": [54, 137]}
					]
				},
				{
					"name": "RightHand",
					"parent": "RightForeArm",
					"pivot": [35, 30, -16],
					"cubes": [
						{"origin": [32.5, -1, -19], "size": [5, 33, 6], "pivot": [37, 32, -19], "rotation": [15, 0, 0], "uv": [18, 85]},
						{"origin": [32, 0, -11], "size": [6, 2, 8], "uv": [83, 136]}
					]
				},
				{
					"name": "Finger7",
					"parent": "RightHand",
					"pivot": [32.37101, 21.17809, -11.89701],
					"rotation": [-64.39168, 73.19722, 125.94788],
					"cubes": [
						{"origin": [31.89254, 20.148, -11.3922], "size": [2, 12, 3], "pivot": [32.89254, 32.148, -8.3922], "rotation": [-24.98848, 0.54094, 2.44081], "uv": [246, 0]},
						{"origin": [32.37101, 32.148, -10.3922], "size": [1, 8, 2], "pivot": [32.89254, 32.148, -8.3922], "rotation": [22.51152, 0.54094, 2.44081], "uv": [250, 47]}
					]
				},
				{
					"name": "Finger",
					"parent": "RightHand",
					"pivot": [35, 2, -6],
					"cubes": [
						{"origin": [36, 2, -6], "size": [2, 12, 3], "pivot": [35, 2, -6], "rotation": [-12.48848, 0.54094, 2.44081], "uv": [246, 0]},
						{"origin": [37, 12.96991, -2.49519], "size": [1, 8, 2], "pivot": [37.52153, 12.96991, -0.49519], "rotation": [22.51152, 0.54094, 2.44081], "uv": [250, 47]}
					]
				},
				{
					"name": "Finger2",
					"parent": "RightHand",
					"pivot": [33, 2, -6],
					"rotation": [0, 0, -5],
					"cubes": [
						{"origin": [32, 2, -6], "size": [2, 12, 3], "pivot": [31, 2, -6], "rotation": [-12.48848, 0.54094, 2.44081], "uv": [246, 0]},
						{"origin": [33, 12.96991, -2.49519], "size": [1, 8, 2], "pivot": [33.52153, 12.96991, -0.49519], "rotation": [22.51152, 0.54094, 2.44081], "uv": [250, 47]}
					]
				},
				{
					"name": "PackAttack",
					"parent": "Root_chest",
					"pivot": [-8, 47, -6]
				},
				{
					"name": "LeftArm",
					"parent": "PackAttack",
					"pivot": [-7, 47, -8],
					"cubes": [
						{"origin": [-16, 43, -11], "size": [10, 8, 7], "pivot": [-7, 47, -8], "rotation": [22.71805, 33.37773, 25.77692], "uv": [117, 91], "mirror": true},
						{"origin": [-44, 44, -10], "size": [28, 6, 5], "pivot": [-7, 47, -8], "rotation": [23.39174, 35.67815, 26.96521], "uv": [43, 0], "mirror": true}
					]
				},
				{
					"name": "LeftForeArm",
					"parent": "LeftArm",
					"pivot": [-33, 59, 14],
					"cubes": [
						{"origin": [-37, 31.0009, -18.43699], "size": [4, 42, 5], "pivot": [-35, 32.0009, -18.43699], "rotation": [-42.5, 0, 1], "uv": [0, 85], "mirror": true},
						{"origin": [-36, 22.97795, -4.19403], "size": [4, 42, 5], "pivot": [-34, 43.97795, -1.69403], "rotation": [-47.52717, -1.68868, 1.9], "uv": [78, 11]},
						{"origin": [-37, 27.62295, -19.7506], "size": [4, 42, 5], "pivot": [-35, 28.62295, -14.7506], "rotation": [-47.5, 0, 0], "uv": [78, 11], "mirror": true},
						{"origin": [-37, 73.0009, -18.43699], "size": [4, 5, 8], "pivot": [-35, 32.0009, -18.43699], "rotation": [-42.5, 0, 0], "uv": [54, 137], "mirror": true}
					]
				},
				{
					"name": "LeftHand",
					"parent": "LeftForeArm",
					"pivot": [-35, 30, -16],
					"cubes": [
						{"origin": [-37.5, -1, -19], "size": [5, 33, 6], "pivot": [-37, 32, -19], "rotation": [15, 0, 0], "uv": [18, 85], "mirror": true},
						{"origin": [-38, 0, -11], "size": [6, 2, 8], "uv": [83, 136], "mirror": true}
					]
				},
				{
					"name": "Finger8",
					"parent": "LeftHand",
					"pivot": [-32.37101, 21.17809, -11.89701],
					"rotation": [-64.39168, -73.19722, -125.94788],
					"cubes": [
						{"origin": [-33.89254, 20.148, -11.3922], "size": [2, 12, 3], "pivot": [-32.89254, 32.148, -8.3922], "rotation": [-24.98848, -0.54094, -2.44081], "uv": [246, 0], "mirror": true},
						{"origin": [-33.37101, 32.148, -10.3922], "size": [1, 8, 2], "pivot": [-32.89254, 32.148, -8.3922], "rotation": [22.51152, -0.54094, -2.44081], "uv": [250, 47], "mirror": true}
					]
				},
				{
					"name": "Finger4",
					"parent": "LeftHand",
					"pivot": [-33, 2, -6],
					"rotation": [0, 0, 5],
					"cubes": [
						{"origin": [-34, 3, -6], "size": [2, 12, 3], "pivot": [-31, 2, -6], "rotation": [-12.48848, -0.54094, -2.44081], "uv": [246, 0], "mirror": true},
						{"origin": [-34, 13.96991, -2.49519], "size": [1, 8, 2], "pivot": [-33.52153, 12.96991, -0.49519], "rotation": [22.51152, -0.54094, -2.44081], "uv": [250, 47], "mirror": true}
					]
				},
				{
					"name": "Finger3",
					"parent": "LeftHand",
					"pivot": [-35, 2, -6],
					"cubes": [
						{"origin": [-38, 2, -6], "size": [2, 12, 3], "pivot": [-35, 2, -6], "rotation": [-12.48848, -0.54094, -2.44081], "uv": [246, 0], "mirror": true},
						{"origin": [-38, 12.96991, -2.49519], "size": [1, 8, 2], "pivot": [-37.52153, 12.96991, -0.49519], "rotation": [22.51152, -0.54094, -2.44081], "uv": [250, 47], "mirror": true}
					]
				},
				{
					"name": "Body2",
					"parent": "All_body",
					"pivot": [0, 44.9841, 0.95341],
					"rotation": [-7.5, 0, 0],
					"cubes": [
						{"origin": [-5, 36.83038, -1.04659], "size": [10, 11, 23], "pivot": [0, 35.9841, 0.95341], "rotation": [-5, 0, 0], "uv": [0, 0]},
						{"origin": [-5, 44.45679, -1.06541], "size": [10, 2, 19], "pivot": [0, 46.45679, 17.93459], "rotation": [-7.5, 0, 0], "uv": [39, 42]},
						{"origin": [-1, 47.9841, -1.04659], "size": [2, 3, 19], "pivot": [0, 50.9841, -1.04659], "rotation": [-12.5, 0, 0], "uv": [76, 209]},
						{"origin": [-0.5, 49.9841, 1.95341], "size": [1, 2, 1], "pivot": [1, 49.9841, 1.95341], "rotation": [-17.5, 0, 0], "uv": [0, 253]},
						{"origin": [-0.5, 50, 3.95341], "size": [1, 2, 1], "pivot": [1, 49.9841, 1.95341], "rotation": [-17.5, 0, 0], "uv": [0, 253]},
						{"origin": [-0.5, 50, 5.95341], "size": [1, 2, 1], "pivot": [1, 49.9841, 1.95341], "rotation": [-17.5, 0, 0], "uv": [0, 253]},
						{"origin": [-0.5, 50, 7.95341], "size": [1, 2, 1], "pivot": [1, 49.9841, 1.95341], "rotation": [-17.5, 0, 0], "uv": [0, 253]},
						{"origin": [-5, 35.5858, -1.02032], "size": [2, 11, 19], "pivot": [-5, 35.5858, 16.97968], "rotation": [-5.019, 4.98093, -0.43688], "uv": [50, 63]},
						{"origin": [3, 35.5858, -1.02032], "size": [2, 11, 19], "pivot": [5, 35.5858, 16.97968], "rotation": [-5.019, -4.98093, 0.43688], "uv": [50, 63], "mirror": true},
						{"origin": [-7, 37.9841, 15.95341], "size": [14, 13, 11], "pivot": [0, 42.4841, 32.45341], "rotation": [17.5, 0, 0], "uv": [0, 61]}
					]
				},
				{
					"name": "Particle",
					"pivot": [0, 0, 0],
					"locators": {
						"w": [-34, 0, -36],
						"w3": [-8, 0, 31],
						"w4": [8, 0, 31],
						"w2": [34, 0, -36],
						"blood": [0, 34, -37]
					}
				}
			]
		}
	]
}