{
	"format_version": "1.12.0",
	"minecraft:geometry": [
		{
			"description": {
				"identifier": "geometry.gojidraw_quiet_place_guid_book",
				"texture_width": 128,
				"texture_height": 128,
				"visible_bounds_width": 13,
				"visible_bounds_height": 10.5,
				"visible_bounds_offset": [0, 4.75, 0]
			},
			"bones": [
				{
					"name": "Root",
					"pivot": [0, 0, 0]
				},
				{
					"name": "Book",
					"parent": "Root",
					"pivot": [0, 0, 0]
				},
				{
					"name": "Cover",
					"parent": "Book",
					"pivot": [0, 2, 0],
					"cubes": [
						{"origin": [-18, 0, -14], "size": [18, 2, 27], "uv": [0, 0]}
					]
				},
				{
					"name": "Page",
					"parent": "Cover",
					"pivot": [0, 2.1, 0],
					"cubes": [
						{"origin": [-18, 2.1, -14], "size": [18, 0, 27], "uv": [36, 0]}
					]
				},
				{
					"name": "Cover2",
					"parent": "Book",
					"pivot": [0, 2, 0],
					"cubes": [
						{"origin": [0, 0, -14], "size": [18, 2, 27], "uv": [0, 0], "mirror": true}
					]
				},
				{
					"name": "Page2",
					"parent": "Cover2",
					"pivot": [0, 2.1, 0],
					"cubes": [
						{"origin": [0, 2.1, -14], "size": [18, 0, 27], "uv": [0, 29]}
					]
				}
			]
		}
	]
}