{
	"format_version": "1.12.0",
	"minecraft:geometry": [
		{
			"description": {
				"identifier": "geometry.gojidraw_meteorite",
				"texture_width": 128,
				"texture_height": 128,
				"visible_bounds_width": 1777,
				"visible_bounds_height": 898.25,
				"visible_bounds_offset": [0, 441.875, 0]
			},
			"bones": [
				{
					"name": "Root",
					"pivot": [0, 0, 0],
					"cubes": [
						{"origin": [-10, -3, -21.75], "size": [15, 13, 37], "inflate": -0.2, "uv": [0, 0]},
						{"origin": [4, -3, -20.75], "size": [15, 7, 36], "inflate": -0.2, "uv": [1, 1], "mirror": true},
						{"origin": [4, 1, -22.75], "size": [15, 7, 36], "inflate": -0.2, "pivot": [14, 4, -2], "rotation": [0, 0, -17.5], "uv": [1, 1]},
						{"origin": [-3, 1, -16.75], "size": [15, 13, 33], "inflate": -0.2, "pivot": [4.5, 7.5, -0.25], "rotation": [0, 0, 12.5], "uv": [4, 4], "mirror": true},
						{"origin": [-3, -7, -23.75], "size": [15, 13, 33], "inflate": -0.2, "pivot": [4.5, -0.5, -7.25], "rotation": [0, 0, -10], "uv": [4, 4]},
						{"origin": [-2, -2, -31.75], "size": [15, 9, 18], "inflate": -0.2, "pivot": [5.5, -0.5, -15.25], "rotation": [0, 0, -10], "uv": [19, 19], "mirror": true},
						{"origin": [-6, 1, -5.75], "size": [15, 13, 33], "inflate": -0.2, "pivot": [1.5, 7.5, 10.75], "rotation": [7.5, 0, -20], "uv": [4, 4]},
						{"origin": [-1, 1, -5.75], "size": [15, 10, 30], "inflate": -0.2, "pivot": [6.5, 7.5, 10.75], "rotation": [7.5, 0, -20], "uv": [7, 7], "mirror": true},
						{"origin": [1, 1, -22.75], "size": [15, 13, 33], "inflate": -0.2, "pivot": [8.5, 7.5, -6.25], "rotation": [11.48416, 6.17983, 15.35187], "uv": [4, 4]}
					],
					"locators": {
						"move": {
							"offset": [0, 0, 18],
							"rotation": [-90, 0, 0]
						},
						"move2": {
							"offset": [14, 7, 18],
							"rotation": [-90, 0, 0]
						},
						"move3": {
							"offset": [14, 12, -11],
							"rotation": [-90, 0, 0]
						},
						"move4": {
							"offset": [-7, 10, -11],
							"rotation": [-90, 0, 0]
						}
					}
				}
			]
		}
	]
}