{
	"format_version": "1.12.0",
	"minecraft:geometry": [
		{
			"description": {
				"identifier": "geometry.gojidraw_speaker",
				"texture_width": 256,
				"texture_height": 256,
				"visible_bounds_width": 16,
				"visible_bounds_height": 8,
				"visible_bounds_offset": [0, 3, 0]
			},
			"bones": [
				{
					"name": "bone",
					"pivot": [0, 15, 0]
				},
				{
					"name": "Root",
					"parent": "bone",
					"pivot": [0, 4, 4],
					"cubes": [
						{"origin": [-10.02, 2, -1], "size": [20.05, 16, 19], "uv": [0, 65]},
						{"origin": [-10.02, 18, -1], "size": [20.05, 16, 19], "uv": [0, 65]},
						{"origin": [-10, 18, -3], "size": [20, 16, 21], "pivot": [0, 34, 18], "rotation": [-30, 0, 0], "uv": [0, 28]},
						{"origin": [-14, 0, -15], "size": [4, 31, 23], "uv": [0, 100]},
						{"origin": [10, 0, -15], "size": [4, 31, 23], "uv": [0, 100], "mirror": true},
						{"origin": [-10, 22, -15], "size": [1, 9, 23], "uv": [106, 105]},
						{"origin": [9, 22, -15], "size": [1, 9, 23], "uv": [106, 105], "mirror": true},
						{"origin": [-10, 7, -15], "size": [1, 1, 23], "uv": [125, 24]},
						{"origin": [9, 7, -15], "size": [1, 1, 23], "uv": [125, 24], "mirror": true},
						{"origin": [-10, 0, -15], "size": [20, 7, 23], "uv": [59, 42]},
						{"origin": [-9, 26, -15], "size": [18, 5, 23], "uv": [55, 77]},
						{"origin": [-9, 25, -15], "size": [4, 1, 23], "uv": [94, 18]},
						{"origin": [5, 25, -15], "size": [4, 1, 23], "uv": [94, 18], "mirror": true},
						{"origin": [-9, 24, -15], "size": [2, 1, 23], "uv": [114, 72]},
						{"origin": [7, 24, -15], "size": [2, 1, 23], "uv": [114, 72], "mirror": true},
						{"origin": [-9, 23, -15], "size": [1, 1, 23], "uv": [125, 0]},
						{"origin": [8, 23, -15], "size": [1, 1, 23], "uv": [125, 0], "mirror": true},
						{"origin": [11, 31, -15], "size": [0, 10, 21], "pivot": [11, 31, -15], "rotation": [0, -67.5, 0], "uv": [31, 84], "mirror": true},
						{"origin": [-11, 31, -15], "size": [0, 10, 21], "pivot": [-11, 31, -15], "rotation": [0, 67.5, 0], "uv": [31, 84]},
						{"origin": [11, 31, -15], "size": [3, 10, 23], "uv": [54, 105]},
						{"origin": [-14, 31, -15], "size": [3, 10, 23], "uv": [54, 105], "mirror": true},
						{"origin": [-14, 41, -15], "size": [28, 5, 23], "uv": [0, 0]},
						{"origin": [-11, 31, 4], "size": [22, 10, 4], "uv": [122, 48]},
						{"origin": [-14, 41, -15], "size": [28, 0, 12], "pivot": [0, 41, -15], "rotation": [-50, 0, 0], "uv": [67, 0]},
						{"origin": [-14, 31, -15], "size": [28, 0, 13], "pivot": [0, 31, -15], "rotation": [50, 0, 0], "uv": [48, 28]}
					],
					"locators": {
						"shockwave": [0, 16, -18]
					}
				},
				{
					"name": "co",
					"parent": "Root",
					"pivot": [0, 31, -15],
					"cubes": [
						{"origin": [-2.38695, 26, -15.7], "size": [4.7739, 1, 1], "pivot": [0, 15, -3], "rotation": [0, 0, 45], "uv": [0, 4], "mirror": true},
						{"origin": [-2.38695, 26, -15.7], "size": [4.7739, 1, 1], "pivot": [0, 15, -3], "rotation": [0, 0, -22.5], "uv": [0, 4]},
						{"origin": [-2.38695, 26, -15.7], "size": [4.7739, 1, 1], "uv": [0, 4]},
						{"origin": [-2.38695, 26, -15.7], "size": [4.7739, 1, 1], "pivot": [0, 15, -3], "rotation": [0, 0, 22.5], "uv": [0, 4], "mirror": true},
						{"origin": [-2.38695, 26, -15.7], "size": [4.7739, 1, 1], "pivot": [0, 15, -3], "rotation": [0, 0, 67.5], "uv": [0, 4], "mirror": true},
						{"origin": [-2.38695, 26, -15.7], "size": [4.7739, 1, 1], "pivot": [0, 15, -3], "rotation": [0, 0, -67.5], "uv": [0, 4]},
						{"origin": [-2.38695, 26, -15.7], "size": [4.7739, 1, 1], "pivot": [0, 15, -4], "rotation": [0, 0, 90], "uv": [0, 4], "mirror": true},
						{"origin": [-2.38695, 26, -15.7], "size": [4.7739, 1, 1], "pivot": [0, 15, -3], "rotation": [0, 0, -90], "uv": [0, 4]},
						{"origin": [-2.38695, 26, -15.7], "size": [4.7739, 1, 1], "pivot": [0, 15, -3], "rotation": [0, 0, -112.5], "uv": [0, 4]},
						{"origin": [-2.38695, 26, -15.7], "size": [4.7739, 1, 1], "pivot": [0, 15, -4], "rotation": [0, 0, 112.5], "uv": [0, 4], "mirror": true},
						{"origin": [-2.38695, 26, -15.7], "size": [4.7739, 1, 1], "pivot": [0, 15, -3], "rotation": [0, 0, 135], "uv": [0, 4], "mirror": true},
						{"origin": [-2.38695, 26, -15.7], "size": [4.7739, 1, 1], "pivot": [0, 15, -3], "rotation": [0, 0, -135], "uv": [0, 4]},
						{"origin": [-2.38695, 26, -15.7], "size": [4.7739, 1, 1], "pivot": [0, 15, -3], "rotation": [0, 0, -45], "uv": [0, 4]},
						{"origin": [-2.38695, 26, -15.7], "size": [4.7739, 1, 1], "pivot": [0, 15, -3], "rotation": [0, 0, 157.5], "uv": [0, 4], "mirror": true},
						{"origin": [-2.38695, 26, -15.7], "size": [4.7739, 1, 1], "pivot": [0, 15, -3], "rotation": [0, 0, -180], "uv": [0, 4]},
						{"origin": [-2.38695, 26, -15.7], "size": [4.7739, 1, 1], "pivot": [0, 15, -3], "rotation": [0, 0, -157.5], "uv": [0, 4]}
					]
				},
				{
					"name": "O",
					"parent": "co",
					"pivot": [0, 15, -4],
					"cubes": [
						{"origin": [-11, 12.61305, -15.5], "size": [12, 4.7739, 0], "pivot": [-11, 15, -17], "rotation": [0, -7.5, 0], "uv": [59, 72]}
					]
				},
				{
					"name": "O6",
					"parent": "co",
					"pivot": [0, 15, -4],
					"cubes": [
						{"origin": [-1, 12.61305, -15.5], "size": [12, 4.7739, 0], "pivot": [11, 15, -17], "rotation": [0, 7.5, 0], "uv": [59, 72], "mirror": true}
					]
				},
				{
					"name": "O3",
					"parent": "co",
					"pivot": [0, 15, -4],
					"rotation": [0, 0, -22.5],
					"cubes": [
						{"origin": [-11, 12.61305, -15.5], "size": [12, 4.7739, 0], "pivot": [-11, 15, -17], "rotation": [0, -7.5, 0], "uv": [59, 72]}
					]
				},
				{
					"name": "O7",
					"parent": "co",
					"pivot": [0, 15, -4],
					"rotation": [0, 0, -45],
					"cubes": [
						{"origin": [-11, 12.61305, -15.5], "size": [12, 4.7739, 0], "pivot": [-11, 15, -17], "rotation": [0, -7.5, 0], "uv": [59, 72]}
					]
				},
				{
					"name": "O11",
					"parent": "co",
					"pivot": [0, 15, -4],
					"rotation": [0, 0, 45],
					"cubes": [
						{"origin": [-1, 12.61305, -15.5], "size": [12, 4.7739, 0], "pivot": [11, 15, -17], "rotation": [0, 7.5, 0], "uv": [59, 72], "mirror": true}
					]
				},
				{
					"name": "O10",
					"parent": "co",
					"pivot": [0, 15, -4],
					"rotation": [0, 0, 67.5],
					"cubes": [
						{"origin": [-1, 12.61305, -15.5], "size": [12, 4.7739, 0], "pivot": [11, 15, -17], "rotation": [0, 7.5, 0], "uv": [59, 72], "mirror": true}
					]
				},
				{
					"name": "O4",
					"parent": "co",
					"pivot": [0, 15, -4],
					"rotation": [0, 0, 22.5],
					"cubes": [
						{"origin": [-1, 12.61305, -15.5], "size": [12, 4.7739, 0], "pivot": [11, 15, -17], "rotation": [0, 7.5, 0], "uv": [59, 72], "mirror": true}
					]
				},
				{
					"name": "O2",
					"parent": "co",
					"pivot": [0, 15, -4],
					"rotation": [0, 0, 25],
					"cubes": [
						{"origin": [-11, 12.61305, -15.5], "size": [12, 4.7739, 0], "pivot": [-11, 15, -17], "rotation": [0, -7.5, 0], "uv": [59, 72]}
					]
				},
				{
					"name": "O9",
					"parent": "co",
					"pivot": [0, 15, -4],
					"rotation": [0, 0, -90],
					"cubes": [
						{"origin": [-11, 12.61305, -15.5], "size": [12, 4.7739, 0], "pivot": [-11, 15, -17], "rotation": [0, -7.5, 0], "uv": [59, 72]}
					]
				},
				{
					"name": "O8",
					"parent": "co",
					"pivot": [0, 15, -4],
					"rotation": [0, 0, -67.5],
					"cubes": [
						{"origin": [-11, 12.61305, -15.5], "size": [12, 4.7739, 0], "pivot": [-11, 15, -17], "rotation": [0, -7.5, 0], "uv": [59, 72]}
					]
				},
				{
					"name": "O15",
					"parent": "co",
					"pivot": [0, 15, -4],
					"rotation": [0, 0, -75],
					"cubes": [
						{"origin": [-1, 12.61305, -15.5], "size": [12, 4.7739, 0], "pivot": [11, 15, -17], "rotation": [0, 7.5, 0], "uv": [59, 72], "mirror": true}
					]
				},
				{
					"name": "O12",
					"parent": "co",
					"pivot": [0, 15, -4],
					"rotation": [0, 0, 50],
					"cubes": [
						{"origin": [-11, 12.61305, -15.5], "size": [12, 4.7739, 0], "pivot": [-11, 15, -17], "rotation": [0, -7.5, 0], "uv": [59, 72]}
					]
				},
				{
					"name": "O14",
					"parent": "co",
					"pivot": [0, 15, -4],
					"rotation": [0, 0, 75],
					"cubes": [
						{"origin": [-11, 12.61305, -15.5], "size": [12, 4.7739, 0], "pivot": [-11, 15, -17], "rotation": [0, -7.5, 0], "uv": [59, 72]}
					]
				},
				{
					"name": "O16",
					"parent": "co",
					"pivot": [0, 15, -4],
					"rotation": [0, 0, 90],
					"cubes": [
						{"origin": [-11, 12.61305, -15.5], "size": [12, 4.7739, 0], "pivot": [-11, 15, -17], "rotation": [0, -7.5, 0], "uv": [59, 72]}
					]
				},
				{
					"name": "O13",
					"parent": "co",
					"pivot": [0, 15, -4],
					"rotation": [0, 0, -50],
					"cubes": [
						{"origin": [-1, 12.61305, -15.5], "size": [12, 4.7739, 0], "pivot": [11, 15, -17], "rotation": [0, 7.5, 0], "uv": [59, 72], "mirror": true}
					]
				},
				{
					"name": "O5",
					"parent": "co",
					"pivot": [0, 15, -4],
					"rotation": [0, 0, -25],
					"cubes": [
						{"origin": [-1, 12.61305, -15.5], "size": [12, 4.7739, 0], "pivot": [11, 15, -17], "rotation": [0, 7.5, 0], "uv": [59, 72], "mirror": true},
						{"origin": [-1, 14, -14.5], "size": [2, 2, 2], "pivot": [0, 15, -13.5], "rotation": [0, 0, 25], "uv": [0, 0]}
					]
				}
			]
		}
	]
}