{
	"format_version": "1.12.0",
	"minecraft:geometry": [
		{
			"description": {
				"identifier": "geometry.gojidraw_queen_death_angel_head",
				"texture_width": 256,
				"texture_height": 256,
				"visible_bounds_width": 13,
				"visible_bounds_height": 10.5,
				"visible_bounds_offset": [0, 4.75, 0]
			},
			"bones": [
				{
					"name": "Head",
					"pivot": [0, 7.76865, 5.45832],
					"rotation": [-12.5, 0, 0],
					"cubes": [
						{"origin": [-3.75, 3.48162, -11.39757], "size": [1.5, 9, 15], "pivot": [-3.75, 7.98162, -11.39757], "rotation": [10.23772, -12.3071, -2.20462], "uv": [188, 211]},
						{"origin": [2.25, 3.48162, -11.39757], "size": [1.5, 9, 15], "pivot": [3.75, 7.98162, -11.39757], "rotation": [10.23772, 12.3071, 2.20462], "uv": [188, 211], "mirror": true},
						{"origin": [-2.25, 5.02719, -10.87663], "size": [3, 7.5, 15], "pivot": [-3.75, 5.02719, -10.87663], "rotation": [7.73772, -12.3071, -2.20462], "uv": [205, 203]},
						{"origin": [-0.75, 5.02719, -10.87663], "size": [3, 7.5, 15], "pivot": [3.75, 5.02719, -10.87663], "rotation": [7.73772, 12.3071, 2.20462], "uv": [205, 203], "mirror": true},
						{"origin": [-4.72398, 13.17614, -9.3524], "size": [4.5, 3, 12], "pivot": [-4.72398, 13.17614, -7.8524], "rotation": [2.60881, -15.8, 28.54119], "uv": [100, 195]},
						{"origin": [0.22398, 13.17614, -9.3524], "size": [4.5, 3, 12], "pivot": [4.72398, 13.17614, -7.8524], "rotation": [2.60881, 15.8, -28.54119], "uv": [100, 195], "mirror": true},
						{"origin": [-3.25953, 15.79113, -9.48383], "size": [4.5, 3, 12], "pivot": [-3.25953, 15.79113, -7.98383], "rotation": [-11.10175, -11.6, 82.52697], "uv": [100, 195]},
						{"origin": [-1.24047, 15.79113, -9.48383], "size": [4.5, 3, 12], "pivot": [3.25953, 15.79113, -7.98383], "rotation": [-11.10175, 11.6, -82.52697], "uv": [100, 195], "mirror": true},
						{"origin": [-3.75, 7.76865, -9.54168], "size": [7.5, 7.5, 16.5], "pivot": [0, -1.23135, 5.45832], "rotation": [10, 0, 0], "uv": [70, 195]},
						{"origin": [-8.25, 0.26865, 3.95832], "size": [16.5, 15, 6], "pivot": [0, -1.23135, 5.45832], "rotation": [10, 0, 0], "uv": [200, 20]},
						{"origin": [-10.5, 16.44961, 0.31171], "size": [6, 3, 4.5], "pivot": [-4.5, 19.44961, 1.81171], "rotation": [5.77509, 8.17773, -54.58682], "uv": [153, 95]},
						{"origin": [4.5, 16.44961, 0.31171], "size": [6, 3, 4.5], "pivot": [4.5, 19.44961, 1.81171], "rotation": [5.77509, -8.17773, 54.58682], "uv": [153, 95], "mirror": true},
						{"origin": [-4.5, 15.26865, 3.95832], "size": [9, 4.5, 4.5], "pivot": [0, -1.23135, 5.45832], "rotation": [10, 0, 0], "uv": [122, 24]},
						{"origin": [-4.35, 15.47055, 0.26613], "size": [8.7, 4.5, 4.5], "pivot": [0, 19.97055, 4.76613], "rotation": [27.5, 0, 0], "uv": [160, 130]},
						{"origin": [-3.75, 6.26865, -9.54168], "size": [7.5, 1.5, 1.5], "pivot": [0, -1.23135, 5.45832], "rotation": [10, 0, 0], "uv": [0, 70]},
						{"origin": [-3.75, 4.76865, -9.54168], "size": [7.5, 1.5, 0], "pivot": [0, -1.23135, 5.45832], "rotation": [10, 0, 0], "uv": [70, 70]},
						{"origin": [-3.75, 3.41325, -12.17899], "size": [7.5, 9, 4.2], "pivot": [0, 12.41325, -12.17899], "rotation": [55, 0, 0], "uv": [36, 113]},
						{"origin": [-3.75, 15.26865, -6.54168], "size": [7.5, 3, 13.5], "pivot": [0, -1.23135, 5.45832], "rotation": [10, 0, 0], "uv": [103, 217]},
						{"origin": [3.75, 1.98162, -12.6], "size": [0, 1.5, 13.5], "pivot": [3.75, 8.98162, -11.39757], "rotation": [10.23772, 12.3071, 2.20462], "uv": [64, 20]},
						{"origin": [-3.75, 1.98162, -12.6], "size": [0, 1.5, 13.5], "pivot": [-3.75, 8.98162, -11.39757], "rotation": [10.23772, -12.3071, -2.20462], "uv": [64, 20], "mirror": true}
					]
				},
				{
					"name": "B_f6",
					"parent": "Head",
					"pivot": [5.25, 10.98162, -5.39757],
					"rotation": [0, -15, 0],
					"cubes": [
						{"origin": [3.75, 7.98162, -11.39757], "size": [1.5, 4.5, 7.5], "pivot": [3.75, 7.98162, -11.39757], "rotation": [10.23772, 12.3071, 2.20462], "uv": [88, 163], "mirror": true},
						{"origin": [0.75, 6.3172, -13.27689], "size": [3.75, 6, 1.5], "pivot": [2.625, 10.0672, -12.52689], "rotation": [9.99067, 0.43399, -2.46207], "uv": [13, 50]},
						{"origin": [-2.2, 8.27358, -13.27689], "size": [3.75, 4, 1.5], "pivot": [1.625, 10.0672, -12.52689], "rotation": [9.79434, 5.78844, -4.06625], "uv": [13, 50]}
					]
				},
				{
					"name": "B_f12",
					"parent": "Head",
					"pivot": [-5.25, 6.48162, -5.39757],
					"rotation": [8.64557, 15.37714, -5.16635],
					"cubes": [
						{"origin": [-5.25, 3.48162, -11.39757], "size": [1.5, 4.5, 6], "pivot": [-3.75, 7.98162, -11.39757], "rotation": [10.23772, -12.3071, -2.20462], "uv": [180, 159]},
						{"origin": [-4.5, 3.3172, -13.27689], "size": [3.75, 3, 1.5], "pivot": [-2.625, 10.0672, -12.52689], "rotation": [9.99067, -0.43399, 2.46207], "uv": [0, 97], "mirror": true},
						{"origin": [-1.73376, 3.36025, -12.34338], "size": [2.75, 3, 1.5], "pivot": [-1.85686, 4.77301, -11.59338], "rotation": [10.03468, -5.35793, 1.59189], "uv": [1, 97], "mirror": true},
						{"origin": [-0.6304, 6.26325, -12.60564], "size": [1.75, 2, 1.5], "pivot": [0.2446, 7.26325, -11.85564], "rotation": [-10.03468, 5.35793, -178.40811], "uv": [0, 97], "mirror": true}
					]
				},
				{
					"name": "B_f11",
					"parent": "Head",
					"pivot": [5.25, 6.48162, -5.39757],
					"rotation": [8.64557, -15.37714, 5.16635],
					"cubes": [
						{"origin": [3.75, 3.48162, -11.39757], "size": [1.5, 4.5, 6], "pivot": [3.75, 7.98162, -11.39757], "rotation": [10.23772, 12.3071, 2.20462], "uv": [180, 159], "mirror": true},
						{"origin": [0.75, 3.3172, -13.27689], "size": [3.75, 3, 1.5], "pivot": [2.625, 10.0672, -12.52689], "rotation": [9.99067, 0.43399, -2.46207], "uv": [0, 97]},
						{"origin": [-1.01624, 3.36025, -12.34338], "size": [2.75, 3, 1.5], "pivot": [1.85686, 4.77301, -11.59338], "rotation": [10.03468, 5.35793, -1.59189], "uv": [1, 97]},
						{"origin": [-1.1196, 6.26325, -12.60564], "size": [1.75, 2, 1.5], "pivot": [-0.2446, 7.26325, -11.85564], "rotation": [-10.03468, -5.35793, 178.40811], "uv": [0, 97]}
					]
				},
				{
					"name": "B_f8",
					"parent": "Head",
					"pivot": [-5.25, 10.98162, -5.39757],
					"rotation": [0, 17.5, 0],
					"cubes": [
						{"origin": [-5.25, 7.98162, -11.39757], "size": [1.5, 4.5, 7.5], "pivot": [-3.75, 7.98162, -11.39757], "rotation": [10.23772, -12.3071, -2.20462], "uv": [88, 163]},
						{"origin": [-3.5, 6.3172, -13.27689], "size": [3.75, 6, 1.5], "pivot": [-2.625, 10.0672, -12.52689], "rotation": [9.99067, -0.43399, 2.46207], "uv": [13, 50], "mirror": true},
						{"origin": [-1.55, 8.27358, -13.27689], "size": [3.75, 4, 1.5], "pivot": [-1.625, 10.0672, -12.52689], "rotation": [9.79434, -5.78844, 4.06625], "uv": [13, 50], "mirror": true}
					]
				},
				{
					"name": "B_f7",
					"parent": "Head",
					"pivot": [6.91717, 12.07648, 1.86832],
					"rotation": [0, -15, 0],
					"cubes": [
						{"origin": [3.75, 7.98162, -3.89757], "size": [1.5, 4.5, 7.5], "pivot": [3.75, 7.98162, -11.39757], "rotation": [10.23772, 12.3071, 2.20462], "uv": [88, 163], "mirror": true}
					]
				},
				{
					"name": "B_f10",
					"parent": "Head",
					"pivot": [6.91717, 7.57648, 1.86832],
					"rotation": [0, -15, 0],
					"cubes": [
						{"origin": [3.75, 3.48162, -5.39757], "size": [1.5, 4.5, 9], "pivot": [3.75, 7.98162, -11.39757], "rotation": [10.23772, 12.3071, 2.20462], "uv": [166, 152], "mirror": true}
					]
				},
				{
					"name": "B_f13",
					"parent": "Head",
					"pivot": [-6.91717, 7.57648, 1.86832],
					"rotation": [0, 15, 0],
					"cubes": [
						{"origin": [-5.25, 3.48162, -5.39757], "size": [1.5, 4.5, 9], "pivot": [-3.75, 7.98162, -11.39757], "rotation": [10.23772, -12.3071, -2.20462], "uv": [166, 152]}
					]
				},
				{
					"name": "B_f9",
					"parent": "Head",
					"pivot": [-6.91717, 12.07648, 1.86832],
					"rotation": [0, 15, 0],
					"cubes": [
						{"origin": [-5.25, 7.98162, -3.89757], "size": [1.5, 4.5, 7.5], "pivot": [-3.75, 7.98162, -11.39757], "rotation": [10.23772, -12.3071, -2.20462], "uv": [88, 163]}
					]
				},
				{
					"name": "B_f",
					"parent": "Head",
					"pivot": [-4.72398, 16.17614, 4.1476],
					"rotation": [0, 10, 0],
					"cubes": [
						{"origin": [-6.22398, 13.17614, -9.3524], "size": [3, 3, 12], "pivot": [-4.72398, 13.17614, -7.8524], "rotation": [2.60881, -15.8, 28.54119], "uv": [221, 41]},
						{"origin": [-5.66611, 13.61084, -14.20265], "size": [1.5, 3, 4.5], "pivot": [-5.66611, 13.61084, -9.70265], "rotation": [3.44805, -43.26376, 26.88731], "uv": [64, 20]},
						{"origin": [-4.52736, 16.48068, -9.89221], "size": [1.5, 3, 13.5], "pivot": [-4.52736, 16.48068, -8.39221], "rotation": [-7.76117, -14.04455, 67.36071], "uv": [36, 97]}
					]
				},
				{
					"name": "B_f2",
					"parent": "Head",
					"pivot": [4.72398, 16.17614, 4.1476],
					"rotation": [0, -10, 0],
					"cubes": [
						{"origin": [3.22398, 13.17614, -9.3524], "size": [3, 3, 12], "pivot": [4.72398, 13.17614, -7.8524], "rotation": [2.60881, 15.8, -28.54119], "uv": [221, 41], "mirror": true},
						{"origin": [3.02736, 16.48068, -9.89221], "size": [1.5, 3, 13.5], "pivot": [4.52736, 16.48068, -8.39221], "rotation": [-7.76117, 14.04455, -67.36071], "uv": [36, 97], "mirror": true},
						{"origin": [4.16611, 13.61084, -14.20265], "size": [1.5, 3, 4.5], "pivot": [5.66611, 13.61084, -9.70265], "rotation": [3.44805, 43.26376, -26.88731], "uv": [64, 20], "mirror": true}
					]
				},
				{
					"name": "B_f3",
					"parent": "Head",
					"pivot": [-0.22398, 18.67614, 0.6476],
					"rotation": [-10, 0, 0],
					"cubes": [
						{"origin": [-3.75, 18.82036, -1.85101], "size": [7.5, 1.5, 6], "pivot": [0, -0.67964, 5.64899], "rotation": [10, 0, 0], "uv": [126, 174]}
					]
				},
				{
					"name": "B_f4",
					"parent": "Head",
					"pivot": [-0.22398, 16.17614, -4.8524],
					"cubes": [
						{"origin": [-2.25, 15.86583, -16.00598], "size": [4.5, 1.5, 6], "pivot": [0, 17.36583, -10.00598], "rotation": [45, 0, 0], "uv": [177, 152]},
						{"origin": [-2.25, 11.62319, -14.24862], "size": [1.5, 1.5, 6], "pivot": [-2.25, 13.12319, -14.24862], "rotation": [43.49297, -10.54529, -10.72858], "uv": [70, 63]},
						{"origin": [0.75, 11.62319, -14.24862], "size": [1.5, 1.5, 6], "pivot": [2.25, 13.12319, -14.24862], "rotation": [43.49297, 10.54529, 10.72858], "uv": [70, 63], "mirror": true},
						{"origin": [-3.75, 18.26865, -6.54168], "size": [7.5, 1.5, 4.5], "pivot": [0, -1.23135, 5.45832], "rotation": [10, 0, 0], "uv": [100, 29]},
						{"origin": [-3.225, 16.62765, -5.52877], "size": [6.75, 1.5, 3], "pivot": [0, 17.87697, -5.66358], "rotation": [-2.5, 0, 0], "uv": [119, 20]}
					]
				},
				{
					"name": "Jaw",
					"parent": "Head",
					"pivot": [0, 9.68236, 3.50384],
					"cubes": [
						{"origin": [-4.5, 0.03682, -10.00731], "size": [3, 3, 16.5], "pivot": [-4.5, 0.03682, -10.00731], "rotation": [10.08453, -7.38542, -1.30962], "uv": [0, 216]},
						{"origin": [1.5, 0.03682, -10.00731], "size": [3, 3, 16.5], "pivot": [4.5, 0.03682, -10.00731], "rotation": [10.08453, 7.38542, 1.30962], "uv": [0, 216], "mirror": true},
						{"origin": [-4.5, 0.03682, -10.00731], "size": [9, 3, 16.5], "pivot": [0, 0.03682, -10.00731], "rotation": [7.5, 0, 0], "uv": [189, 69]},
						{"origin": [-4.5, 0.03682, -1.00731], "size": [9, 16.5, 7.5], "pivot": [0, 0.03682, -10.00731], "rotation": [7.5, 0, 0], "uv": [70, 218]},
						{"origin": [-4.5, 2.99124, -10.52826], "size": [9, 1.5, 0], "pivot": [0, 2.99124, -10.52826], "rotation": [7.5, 0, 0], "uv": [0, 69]},
						{"origin": [5.3733, 4.25134, -10.94751], "size": [0, 1.5, 15], "pivot": [5.3733, 5.00134, -3.44751], "rotation": [10.08453, 7.38542, 1.30962], "uv": [0, 18], "mirror": true},
						{"origin": [-5.3733, 4.25134, -10.94751], "size": [0, 1.5, 15], "pivot": [-5.3733, 5.00134, -3.44751], "rotation": [10.08453, -7.38542, -1.30962], "uv": [0, 18]}
					]
				},
				{
					"name": "B_f15",
					"parent": "Jaw",
					"pivot": [0, 1.53682, 4.99269],
					"cubes": [
						{"origin": [-4.5, -1.46318, -2.50731], "size": [9, 1.5, 7.5], "pivot": [0, 0.03682, -10.00731], "rotation": [7.5, 0, 0], "uv": [94, 20]}
					]
				},
				{
					"name": "B_f16",
					"parent": "Jaw",
					"pivot": [7.5, 3.03682, 3.49269],
					"rotation": [7.5, -5, 0],
					"cubes": [
						{"origin": [1.32988, -1.63674, -11.08626], "size": [4.5, 4.5, 3], "pivot": [1.32988, -0.15343, -11.08626], "rotation": [10.47479, -17.22575, -3.13388], "uv": [160, 102], "mirror": true},
						{"origin": [1.69579, -1.20494, -9.37699], "size": [4.5, 4.5, 15], "pivot": [4.69579, 0.29506, -8.54274], "rotation": [7.58453, 7.38542, 1.30962], "uv": [211, 137], "mirror": true}
					]
				},
				{
					"name": "B_f17",
					"parent": "Jaw",
					"pivot": [-7.5, 3.03682, 3.49269],
					"rotation": [7.5, 5, 0],
					"cubes": [
						{"origin": [-5.82988, -1.63674, -11.08626], "size": [4.5, 4.5, 3], "pivot": [-1.32988, -0.15343, -11.08626], "rotation": [10.47479, 17.22575, 3.13388], "uv": [160, 102]},
						{"origin": [-6.19579, -1.20494, -9.37699], "size": [4.5, 4.5, 15], "pivot": [-4.69579, 0.29506, -8.54274], "rotation": [7.58453, -7.38542, -1.30962], "uv": [211, 137]}
					]
				},
				{
					"name": "B_f14",
					"parent": "Jaw",
					"pivot": [1.5, 1.53682, -4.00731],
					"rotation": [10, 0, 0],
					"cubes": [
						{"origin": [-3, -1.46318, -10.00731], "size": [6, 1.5, 7.5], "pivot": [0, 0.03682, -10.00731], "rotation": [7.5, 0, 0], "uv": [70, 114]},
						{"origin": [-3, -1.46318, -11.50731], "size": [6, 4.5, 1.5], "pivot": [0, 0.03682, -10.00731], "rotation": [7.5, 0, 0], "uv": [70, 122]}
					]
				}
			]
		}
	]
}