{
	"format_version": "1.19.0",
	"animation_controllers": {
		"controller.animation.gojidraw_death_angel.up": {
			"initial_state": "still_0",
			"states": {
				"still_0": {
					"transitions": [
						{"up_0": "!q.is_on_ground&&q.vertical_speed>2.0&&!q.is_in_water"}
					]
				},
				"still_1": {
					"transitions": [
						{"up_1": "!q.is_on_ground&&q.vertical_speed>2.0&&!q.is_in_water"}
					]
				},
				"up_0": {
					"animations": ["jump", "jump_timer"],
					"transitions": [
						{"still_1": "q.is_on_ground||q.is_in_water||(q.vertical_speed<0.0&&q.any_animation_finished)"}
					],
					"blend_transition": 0.3
				},
				"up_1": {
					"animations": ["jump", "jump_timer"],
					"transitions": [
						{"still_0": "q.is_on_ground||q.is_in_water||(q.vertical_speed<0.0&&q.any_animation_finished)"}
					],
					"blend_transition": 0.3
				}
			}
		},
		"controller.animation.gojidraw_death_angel.dn": {
			"initial_state": "still",
			"states": {
				"still": {
					"transitions": [
						{"dn": "!query.is_on_ground&&query.vertical_speed<0"}
					]
				},
				"dn": {
					"animations": [
						"fall",
						{"jump_timer": "q.is_on_ground"}
					],
					"transitions": [
						{"still": "(query.is_on_ground&&q.any_animation_finished)||q.vertical_speed>=0.0"},
						{"splash": "query.is_in_water"}
					],
					"blend_transition": 0.22
				},
				"splash": {
					"particle_effects": [
						{
							"effect": "splash"
						},
						{
							"effect": "impact"
						},
						{
							"effect": "ripples"
						}
					],
					"transitions": [
						{"still": "!query.is_in_water"}
					]
				}
			}
		},
		"controller.animation.gojidraw_death_angel.land": {
			"states": {
				"default": {
					"animations": ["land"],
					"transitions": [
						{"in_air": "!q.is_on_ground"}
					],
					"blend_transition": 0.1
				},
				"in_air": {
					"animations": [
						{"jump_timer": "q.is_on_ground"}
					],
					"transitions": [
						{"default": "q.is_on_ground&&q.any_animation_finished"}
					],
					"blend_transition": 0.1
				}
			}
		},
		"controller.animation.gojidraw_death_angel.jump": {
			"states": {
				"default": {
					"transitions": [
						{"jump_control": "!query.is_on_ground"}
					],
					"blend_transition": 0.05
				},
				"jump_control": {
					"animations": ["jump"],
					"transitions": [
						{"default": "query.is_on_ground"}
					],
					"blend_transition": 0.05
				}
			}
		},
		"controller.animation.gojidraw_death_angel.st": {
			"states": {
				"default": {
					"animations": ["idle"],
					"transitions": [
						{"move": "query.ground_speed > 0.1 && !query.has_target"},
						{"charge": "query.ground_speed > 0.1 && query.has_target"},
						{"roar": "query.is_roaring"}
					],
					"blend_transition": 0.2
				},
				"move": {
					"animations": ["walk"],
					"transitions": [
						{"default": "query.ground_speed <= 0.1 && !query.has_target"},
						{"charge": "query.has_target && query.ground_speed > 0.1"}
					],
					"blend_transition": 0.4,
					"blend_via_shortest_path": true
				},
				"charge": {
					"animations": ["sprint"],
					"transitions": [
						{"move": "query.ground_speed > 0.1 && !query.has_target"},
						{"default": "query.ground_speed <= 0.1"}
					],
					"blend_transition": 0.2
				},
				"roar": {
					"animations": ["roar"],
					"transitions": [
						{"default": "!query.is_roaring"}
					],
					"blend_transition": 0.5
				}
			}
		},
		"controller.animation.gojidraw_death_angel.angry_or_calm": {
			"initial_state": "calm",
			"states": {
				"calm": {
					"animations": ["calm"],
					"particle_effects": [
						{
							"effect": ""
						}
					],
					"transitions": [
						{"angry": "query.has_target"}
					],
					"blend_transition": 0.35,
					"blend_via_shortest_path": true
				},
				"angry": {
					"animations": ["angry"],
					"transitions": [
						{"calm": "!query.has_target"}
					],
					"blend_transition": 0.35,
					"blend_via_shortest_path": true
				}
			}
		},
		"controller.animation.gojidraw_death_angel.swim": {
			"states": {
				"default": {
					"transitions": [
						{"swim": "query.is_in_water"}
					],
					"blend_transition": 0.3,
					"blend_via_shortest_path": true
				},
				"swim": {
					"animations": ["swim"],
					"transitions": [
						{"default": "!query.is_in_water"}
					],
					"blend_transition": 0.3,
					"blend_via_shortest_path": true
				}
			}
		},
		"controller.animation.gojidraw_death_angel.leap": {
			"states": {
				"default": {
					"transitions": [
						{"prepare": "query.is_interested"}
					]
				},
				"prepare": {
					"transitions": [
						{"leap": "!query.is_interested && !query.is_on_ground"}
					],
					"blend_transition": 0.3
				},
				"leap": {
					"animations": ["idle", "leap"],
					"transitions": [
						{"default": "query.is_on_ground"}
					],
					"blend_transition": 0.2
				}
			}
		},
		"controller.animation.gojidraw_death_angel.wall_climb": {
			"states": {
				"default": {
					"animations": ["idle"],
					"transitions": [
						{"wall": "q.is_wall_climbing&&q.is_on_ground"}
					],
					"blend_transition": 0.2,
					"blend_via_shortest_path": true
				},
				"wall": {
					"animations": ["idle"],
					"transitions": [
						{"wall2": "q.is_wall_climbing&&!q.is_on_ground"}
					],
					"blend_transition": 1
				},
				"wall2": {
					"animations": ["climbing"],
					"transitions": [
						{"default": "!q.is_wall_climbing&&q.is_on_ground"}
					]
				}
			}
		}
	}
}