{
	"format_version": "1.20.70",
	"minecraft:item": {
		"description": {
			"identifier": "gojidraw:death_angel_armor_leggings",
			"menu_category": {
				"category": "equipment",
				"group": "itemGroup.name.leggings"
			}
		},
		"components": {
			"minecraft:icon": {
				"textures": {
					"default": "gojidraw:death_angel_armor_leggings"
				}
			},
			"minecraft:display_name": {
				"value": "[§eDeath Angel§f] Armor Leggings"
			},
			"minecraft:max_stack_size": 1,
			"minecraft:hand_equipped": {
				"value": true
			},
			"minecraft:wearable": {
				"slot": "slot.armor.legs",
				"protection": 100
			},
			"minecraft:enchantable": {
				"slot": "armor_legs",
				"value": 10
			},
			"minecraft:knockback_resistance": {
				"protection": 1000
			}
		}
	}
}