{
	"format_version": "1.20.70",
	"minecraft:item": {
		"components": {
			"minecraft:icon": {
				"textures": {
					"default": "gojidraw:death_angel_armor_chestplate"
				}
			},
			"minecraft:display_name": {
				"value": "[§eDeath Angel§f] Armor Chestplate"
			},
			"minecraft:max_stack_size": 1,
			"minecraft:hand_equipped": {
				"value": true
			},
			"minecraft:wearable": {
				"slot": "slot.armor.chest",
				"protection": 1000
			},
			"minecraft:enchantable": {
				"slot": "armor_torso",
				"value": 10
			}
		},
            "minecraft:knockback_resistance":  {
                "protection":  1000
            },
            "minecraft:armor":  {
                "protection":  1000
            },
		"description": {
			"identifier": "gojidraw:death_angel_armor_chestplate",
			"menu_category": {
				"category": "equipment",
				"group": "itemGroup.name.chestplate"
			}
		}
	}
}