{
	"format_version": "1.20.70",
	"minecraft:item": {
		"components": {
			"minecraft:icon": {
				"textures": {
					"default": "gojidraw:queen_death_angel_head_item"
				}
			},
			"minecraft:display_name": {
				"value": "[§eDeath Angel§f] Queen Head"
			},
			"minecraft:max_stack_size": 1,
			"minecraft:entity_placer": {
				"entity": "gojidraw:queen_death_angel_head"
			}
		},
		"description": {
			"identifier": "gojidraw:queen_death_angel_head_item",
			"menu_category": {
				"category": "equipment"
			}
		}
	}
}