{
	"format_version": "1.20.70",
	"minecraft:item": {
		"description": {
			"identifier": "gojidraw:hearing_aid",
			"menu_category": {
				"category": "equipment"
			}
		},
		"components": {
			"minecraft:use_animation": "drink",
			"minecraft:creative_category": {
				"parent": "itemGroup.name.sword"
			},
			"minecraft:display_name": {
				"value": "§eHearing Aid"
			},
			"minecraft:max_stack_size": 1,
			"minecraft:icon": "gojidraw_hearing_aid",
			"minecraft:hand_equipped": false,
			"minecraft:can_destroy_in_creative": false,
			"minecraft:cooldown": {
				"category": "gojidraw:hearing_aid",
				"duration": 14
			}
		}
	}
}