{
  "format_version": "1.16.0",
  "minecraft:entity": {
	"description": {
      "identifier": "gojidraw:meteorite",
      "is_spawnable": false,
      "is_summonable": true,
      "is_experimental": false,
      "runtime_identifier": "goji:meteorite",
             "scripts":{
             "animate":[
          { "explosion": "query.is_on_ground" }
                        ]
                         },
     "animations":{
       "explosion":"animation.meteorite_explosion"
}
    },
  "component_groups": {
   "minecraft:exploding": {
        "minecraft:is_sheared": {
      },
        "minecraft:explode": {
          "fuse_length": 0.1,
          "fuse_lit": true,
          "power": 150,
          "causes_fire": true,
          "destroy_affected_by_griefing": false
        }
   },
      "despawn": {
			"minecraft:instant_despawn": {
				"remove_child_entities":false
			}
		}
  },
  "components": {
			"minecraft:physics": {
				"has_gravity": true
			},
      "minecraft:type_family": {
        "family": [
          "meteorite",
          "gojidraw_death_angel",
          "monster"
        ]
      },
            "minecraft:collision_box": {
                "width": 3,
                "height": 3
            },
      "minecraft:navigation.generic": {
        "can_path_over_water": true
      },
			"minecraft:pushable": {
				"is_pushable": false,
				"is_pushable_by_piston": true
			},
      "minecraft:health": {
        "value": 10000000,
        "max": 10000000
      }
  },
  "events": {
   "minecraft:explode": {
    "add": {
     "component_groups": [
      "minecraft:exploding"
     ]
    },
      "goji:despawn": {
        "add": {
          "component_groups": ["despawn"]
        }
      }
   }
  }
} 
  }
