{
	"format_version": "1.8.0",
	"minecraft:entity": {
		"description": {
			"identifier": "gojidraw:meteor_explosion",
			"is_spawnable": false,
			"is_summonable": true,
			"is_experimental": false
		},
		"component_groups": {
			"disappear": {
				"minecraft:despawn": {
					"remove_child_entities": true,
					"filters": {
						"all_of": [{
							"test": "is_family",
							"subject": "self",
							"value": "death_angel"
						}]
					}
				}
			},
			"explosion": {
    "minecraft:explode": {
     "fuse_length": 0,
     "fuse_lit": true,
     "power": 7,
     "causes_fire": true,
     "fire_affected_by_griefing": false,
     "destroy_affected_by_griefing": false
    }
			}
		},
		"components": {
            "minecraft:pushable": {
                "is_pushable": false,
         "is_pushable_by_piston": false
            },
			"minecraft:damage_sensor": [{
				"cause": "all",
				"deals_damage": false
			}],
			"minecraft:type_family": {
				"family": [ "death_angel" ]
			},
			"minecraft:collision_box": {
				"width": 0.01,
				"height": 0.01
			},
			"minecraft:timer": {
				"looping": false,
				"time": 1,
				"time_down_event": {
					"event": "disappear"
				}
			},
			"minecraft:scale": {
				"value": 0.1
			},
			"minecraft:physics": {
				"has_gravity": false
			}
		},
		"events": {
			"disappear": {
				"add": {
					"component_groups": ["disappear"]
				}
			},
			"explosion": {
				"add": {
					"component_groups": ["explosion"]
				}
			}
		}
	}
}