{
  "format_version": "1.10",
  "minecraft:entity": {
    "description": {
      "identifier": "gojidraw:spawn_meteorite",
      "is_spawnable": false,
      "is_summonable": true,
      "is_experimental": false,
      "scripts":{
        "animate":[
           "meteorite"
        ]
      },
      "animations":{
        "meteorite": "animation.meteorite.spawn"
      }
    },
    "component_groups": {
      "despawn": {
			"minecraft:instant_despawn": {
				"remove_child_entities":false
			}
		},
			"goji:spawn_as_queen": {
				"minecraft:transformation": {
					"into": "gojidraw:spawn_big_meteorite<minecraft:entity_spawned>"
				}
			}
					},
    "components": {
      "minecraft:experience_reward": {
        "on_death": "query.last_hit_by_player ? 10 + (query.equipment_count * Math.Random(1,3)) : 0"
      },
      "minecraft:collision_box": {
                "width":  0,
                "height":  0
      },
      "minecraft:variant": {
          "value": 0
        },
        "minecraft:timer":{
    "looping": false,
    "randomInterval":true,
    "time": [1, 1],
    "time_down_event": {
        "event":"goji:transform"
             }
          },
        "minecraft:damage_sensor": {
        "triggers": {
          "cause": "all",
          "deals_damage" : false
            }
         },
      "minecraft:type_family": {
        "family": [ "gojidraw_death_angel"]
      },
      "minecraft:loot": {
        "table": "loot_tables/entities/robot.json"
      },
      "minecraft:knockback_resistance": {
        "value": 9999999.0,
        "max": 9999999.0
      },
        "minecraft:behavior.float": {
        "priority": 0
      },
      "minecraft:fire_immune":{
      },
      "minecraft:nameable": {
      },
      "minecraft:physics": {
      },
      "minecraft:on_death": {
        "event": "on:death",
        "target": "self"
      },
      "minecraft:pushable": {
        "is_pushable": false,
        "is_pushable_by_piston": true
      }
    },
       "events":  {
            "minecraft:entity_spawned":  {}
       }
  }
}
