{
	"format_version": "1.10.0",
	"particle_effect": {
		"description": {
			"identifier": "gojidraw:fire_trail_large",
			"basic_render_parameters": {
				"material": "particles_alpha",
				"texture": "textures/particles/meteor/fire_trail"
			}
		},
		"curves": {
			"variable.psize": {
				"type": "catmull_rom",
				"input": "variable.particle_age",
				"horizontal_range": "variable.particle_lifetime",
				"nodes": [0, 0.82, 1, 0.18, 0]
			}
		},
		"components": {
			"minecraft:emitter_rate_steady": {
				"spawn_rate": 180,
				"max_particles": 1000
			},
			"minecraft:emitter_lifetime_once": {
				"active_time": 0.1
			},
			"minecraft:emitter_shape_sphere": {
				"offset": [0, "1 - v.emitter_age * 20", 0],
				"radius": 1,
				"direction": "outwards"
			},
			"minecraft:particle_lifetime_expression": {
				"max_lifetime": "Math.random(0.3, 0.6)"
			},
			"minecraft:particle_initial_spin": {
				"rotation": "math.random(-20, 20)-180"
			},
			"minecraft:particle_initial_speed": "math.random(1, 2)",
			"minecraft:particle_motion_dynamic": {},
			"minecraft:particle_appearance_billboard": {
				"size": [0.6, 0.6],
				"facing_camera_mode": "lookat_xyz",
				"uv": {
					"texture_width": 16,
					"texture_height": 240,
					"flipbook": {
						"base_UV": [0, 0],
						"size_UV": [16, 16],
						"step_UV": [0, 16],
						"frames_per_second": 6,
						"max_frame": 15,
						"stretch_to_lifetime": true
					}
				}
			}
		}
	}
}