{
	"format_version": "1.10.0",
	"particle_effect": {
		"description": {
			"identifier": "gojidraw:smoke_trail_large",
			"basic_render_parameters": {
				"material": "particles_alpha",
				"texture": "textures/particles/meteor/smoke"
			}
		},
		"curves": {
			"variable.psize": {
				"type": "catmull_rom",
				"input": "variable.particle_age",
				"horizontal_range": "variable.particle_lifetime",
				"nodes": [0, 0.82, 1, 1, 1.6]
			}
		},
		"components": {
			"minecraft:emitter_rate_steady": {
				"spawn_rate": 150,
				"max_particles": 1000
			},
			"minecraft:emitter_lifetime_once": {
				"active_time": 0.1
			},
			"minecraft:emitter_shape_sphere": {
				"offset": [0, "math.random(-1, 1)", 0],
				"radius": 1,
				"direction": "outwards"
			},
			"minecraft:particle_lifetime_expression": {
				"max_lifetime": "Math.random(0.4, 4)"
			},
			"minecraft:particle_initial_spin": {
				"rotation": "math.random(-120, 120)"
			},
			"minecraft:particle_initial_speed": "math.random(1, 4)",
			"minecraft:particle_motion_dynamic": {
				"linear_drag_coefficient": 0.5
			},
			"minecraft:particle_appearance_billboard": {
				"size": ["1 * v.psize", "1 * v.psize"],
				"facing_camera_mode": "rotate_xyz",
				"uv": {
					"texture_width": 32,
					"texture_height": 512,
					"flipbook": {
						"base_UV": ["math.floor(v.particle_random_4 * 2) * 16", 0],
						"size_UV": [16, 16],
						"step_UV": [0, 16],
						"frames_per_second": 10,
						"max_frame": 32,
						"stretch_to_lifetime": true
					}
				}
			},
			"minecraft:particle_appearance_lighting": {}
		}
	}
}