{
	"format_version": "1.10.0",
	"particle_effect": {
		"description": {
			"identifier": "gojidraw:blood_splatter",
			"basic_render_parameters": {
				"material": "particles_alpha",
				"texture": "textures/particles/z"
			}
		},
		"curves": {
			"variable.scaling": {
				"type": "linear",
				"input": "v.particle_age",
				"horizontal_range": "v.particle_lifetime",
				"nodes": [1, 0.4, 0, 0]
			}
		},
		"components": {
			"minecraft:emitter_rate_instant": {
				"num_particles": 70
			},
			"minecraft:emitter_lifetime_once": {
				"active_time": 9
			},
			"minecraft:emitter_shape_sphere": {
				"radius": 1,
				"surface_only": true,
				"direction": "inwards"
			},
			"minecraft:particle_lifetime_expression": {
				"max_lifetime": "math.random(0.40,0.95)"
			},
			"minecraft:particle_initial_speed": "30 + v.particle_lifetime*20",
			"minecraft:particle_motion_dynamic": {
				"linear_drag_coefficient": 1
			},
			"minecraft:particle_appearance_billboard": {
				"size": ["0.090 + variable.scaling", "v.particle_age>0.10?0.090"],
				"facing_camera_mode": "lookat_direction",
				"direction": {
					"mode": "derive_from_velocity",
					"min_speed_threshold": 0.5
				},
				"uv": {
					"texture_width": 11,
					"texture_height": 11,
					"uv": [0, 0],
					"uv_size": [1, 1]
				}
			},
			"minecraft:particle_appearance_tinting": {
				"color": {
					"interpolant": "v.particle_age/v.particle_lifetime",
					"gradient": {
						"0.01": "#FF421111",
						"0.5": "#FFD34040",
						"0.67": "#FFDB4646",
						"1.0": "#63631B1B"
					}
				}
			}
		}
	}
}