{
	"format_version": "1.10.0",
	"particle_effect": {
		"description": {
			"identifier": "death_angel:dust",
			"basic_render_parameters": {
				"material": "particles_blend",
				"texture": "textures/particle/campfire_smoke"
			}
		},
		"curves": {
			"variable.color": {
				"type": "linear",
				"input": "v.particle_age",
				"horizontal_range": "v.particle_lifetime",
				"nodes": [0, 1]
			}
		},
		"components": {
			"minecraft:emitter_rate_instant": {
				"num_particles": 40
			},
			"minecraft:emitter_lifetime_once": {
				"active_time": 1
			},
			"minecraft:emitter_shape_disc": {
				"radius": 0.3,
				"direction": "outwards"
			},
			"minecraft:particle_lifetime_expression": {
				"max_lifetime": "math.random(0.2, 0.8)"
			},
			"minecraft:particle_initial_speed": "math.random(20, 22)",
			"minecraft:particle_motion_dynamic": {
				"linear_acceleration": [0, "math.random(5, 1)", 0],
				"linear_drag_coefficient": "math.random(2, 9)"
			},
			"minecraft:particle_appearance_billboard": {
				"size": [0.9, 0.9],
				"facing_camera_mode": "rotate_xyz",
				"uv": {
					"texture_width": 16,
					"texture_height": 192,
					"flipbook": {
						"base_UV": [0, 0],
						"size_UV": [16, 16],
						"step_UV": [0, 16],
						"frames_per_second": 10,
						"max_frame": 10,
						"stretch_to_lifetime": true
					}
				}
			},
			"minecraft:particle_appearance_tinting": {
				"color": {
					"interpolant": "v.color",
					"gradient": {
						"0.0": "#52FFFFFF",
						"0.53": "#3BA8A4A4",
						"1.0": "#00433E3E"
					}
				}
			}
		}
	}
}