{
	"format_version": "1.12",
	"minecraft:recipe_shaped": {
		"description": {
			"identifier": "gojidraw:death_angel_armor_helmet"
		},
		"tags": [
			"crafting_table"
		],
		"assume_symmetry": true,
		"pattern": [
			"aba",
			"c c"
		],
		"key": {
			"a": {
				"item": "gojidraw:death_angel_carapace"
			},
			"b": {
				"item": "gojidraw:death_angel_carapace"
			},
			"c": {
				"item": "gojidraw:death_angel_carapace"
			}
		},
		"result": {
			"item": "gojidraw:death_angel_armor_helmet",
			"count": 1
		}
	}
}