{
  "format_version": "1.12",
  "minecraft:recipe_shaped": {
    "description": {
      "identifier": "death_angel_sword"
    },
    "tags": [
      "crafting_table"
    ],
    "pattern": [
      "A  ",
      " B ",
      "  C"
    ],
    "key": {
      "A": {
        "item": "gojidraw:queen_death_angel_claw",
        "data": 0
      },
      "B": {
        "item": "minecraft:stick",
        "data": 0
      },
      "C": {
        "item": "gojidraw:death_angel_carapace",
        "data": 0
      }
    },
    "result": {
      "item": "gojidraw:death_angel_sword",
      "count": 1
    }
  }
}