{
  "format_version": "1.12",
  "minecraft:recipe_shaped": {
    "description": {
      "identifier": "hearing_aid"
    },
    "tags": [
      "crafting_table"
    ],
    "pattern": [
      "A  ",
      " B ",
      "  C"
    ],
    "key": {
      "A": {
        "item": "minecraft:iron_nugget",
        "data": 0
      },
      "B": {
        "item": "minecraft:redstone",
        "data": 0
      },
      "C": {
        "item": "minecraft:iron_ingot",
        "data": 0
      }
    },
    "result": {
      "item": "gojidraw:hearing_aid",
      "count": 1
    }
  }
}