{
    "format_version":  "1.10.0",
    "minecraft:client_entity":  {
        "description":  {
            "identifier":  "gojidraw:big_meteorite",
            "materials":  {
                "default":  "entity_emissive_alpha"
            },
            "textures":  {
                "default":  "textures/entity/gojidraw_meteorite"
            },
            "geometry":  {
                "default":  "geometry.gojidraw_meteorite"
      },
          "particle_effects": {
              "smoke_trail": "gojidraw:smoke_trail_large",
              "fire_trail": "gojidraw:fire_trail_large"
            },
            "scripts":  {
                "animate":  [
                    "st_1"
                ],
                "scale":  "2"
            },
            "animations":  {
                "st_1":  "animation.gojidraw_meteorite.st"
            },
            "render_controllers":  [
                "controller.render.witch"
            ],
            "spawn_egg":  {
                "texture":  "sbgoji:not",
                "texture_index":  0
            }
        }
    }
}
