{
  "format_version": "1.10.0",
  "minecraft:client_entity": {
    "description": {
      "identifier": "gojidraw:dead_death_angel",
			"textures": {
				"default": "textures/entity/death_angel/gojidraw_death_angel_light"
			},
      "materials": {
        "default": "entity_emissive_alpha"
      },
      "geometry": {
        "default": "geometry.gojidraw_death_angel1"
      },
          "particle_effects": {
              "dust": "death_angel:dust"
            },
      "sound_effects": {
        "death": "mob.death_angel.death"
      },
      "render_controllers": [
        "controller.render.default"
      ],
      "spawn_egg": {
        "texture": "gojidraw:death_angel_egg",
        "texture_index": 0
      },
      "animations": {
      "death": "animation.gojidraw_death_angel.death"
      },
      "scripts": {
        "animate": [
            "death"
        ]
      }
    }
  }
}