{
    "format_version":  "1.10.0",
    "minecraft:client_entity":  {
        "description":  {
            "identifier":  "gojidraw:drowned_death_angel",
            "materials":  {
                "default":  "entity_emissive_alpha"
            },
            "textures":  {
                "default":  "textures/entity/death_angel/gojidraw_death_angel_light"
            },
            "geometry":  {
                "default":  "geometry.gojidraw_death_angel1"
      },
          "particle_effects": {
              "drowning": "minecraft:water_wake_particle"
            },
			"sound_effects": {
				"drowning": "mob.death_angel.drowning"
			},
            "scripts":  {
                "animate":  [
                    "st_1",
                    "st_2"
                ]
            },
            "animations":  {
                "st_1":  "animation.gojidraw_death_angel.drowning_st1",
                "st_2":  "animation.gojidraw_death_angel.drowning_st2"
            },
            "render_controllers":  [
                "controller.render.witch"
            ],
            "spawn_egg":  {
                "texture":  "sbgoji:not",
                "texture_index":  0
            }
        }
    }
}
