{
	"format_version": "1.10.0",
	"minecraft:client_entity": {
		"description": {
			"identifier": "gojidraw:running_death_angel",
			"materials": {
				"default": "warden"
			},
			"textures": {
				"default": "textures/entity/death_angel/gojidraw_death_angel_light",
				"dark": "textures/entity/death_angel/gojidraw_death_angel_dark"
			},
			"geometry": {
				"default": "geometry.gojidraw_death_angel1"
			},
          "particle_effects": {
              "step": "death_angel:dust",
              "blood": "goji:blood_splat"
            },
			"scripts": {
				"animate": [
					"hurt_controller",
					"look_at_target",
					"movement_controls",
					"sniff_controller",
					"controller_land",
					"controller_jump",
					"controller_fall",
					"melee_attack_controller",
					"shiver_controller",
					"attack"
				]
			},
			"animations": {
				"look_at_target": "animation.gojidraw_death_angel.look_at_target.default",
                "sniff_controller": "controller.animation.warden.sniff",
                "sniff": "animation.gojidraw_death_angel.sniff",
                "shiver_controller": "controller.animation.warden.shiver",
                "shiver": "animation.gojidraw_death_angel.shiver",
				"hurt": "animation.gojidraw_death_angel.hurt",
				"hurt_controller": "controller.animation.warden.hurt",
				"roar": "animation.gojidraw_death_angel.roar",
                "movement_controls":  "controller.animation.gojidraw_death_angel.st",
				"walk": "animation.gojidraw_death_angel.run",
				"sprint": "animation.gojidraw_death_angel.run",
                "melee_attack_controller": "controller.animation.warden.melee_attacking",
				"melee_attack": "animation.gojidraw_death_angel.attack",
                "controller_jump":  "controller.animation.gojidraw_death_angel.up",
                "controller_fall":  "controller.animation.gojidraw_death_angel.dn",
                "controller_land":  "controller.animation.gojidraw_death_angel.land",
                "jump_timer":  "animation.jump_timer",
                "jump":  "animation.gojidraw_death_angel.jump",
                "fall":  "animation.gojidraw_death_angel.fall",
                "land":  "animation.gojidraw_death_angel.land",
				"idle": "animation.gojidraw_death_angel.idle"
			},
			"render_controllers": [
				"controller.render.skin_death_angel"
			],
			"sound_effects": {
				"roar": "mob.death_angel.roar",
				"step": "mob.death_angel.step",
				"clicking": "mob.death_angel.clicking",
				"sniff": "mob.death_angel.sniff"
			},
      "spawn_egg": {
        "texture": "gojidraw:death_angel_egg",
        "texture_index": 0
      }
		}
	}
}