{
    "format_version":  "1.10.0",
    "minecraft:client_entity":  {
        "description":  {
            "identifier":  "gojidraw:queen_death_angel_head",
            "materials":  {
                "default":  "entity_emissive_alpha"
            },
			"textures": {
				"default": "textures/entity/death_angel/gojidraw_queen_death_angel"
			},
            "geometry":  {
                "default":  "geometry.gojidraw_queen_death_angel_head"
      },
            "scripts":  {
                "animate":  [
                    "st"
                ]
            },
            "animations":  {
                "st":  "animation.gojidraw_queen_death_angel_head.st"
            },
            "render_controllers":  [
                "controller.render.witch"
            ],
            "spawn_egg":  {
                "texture":  "sbgoji:not",
                "texture_index":  0
            }
        }
    }
}
