{
	"format_version": "1.10.0",
	"minecraft:client_entity": {
		"description": {
			"identifier": "gojidraw:burning_queen_death_angel",
			"materials": {
				"default": "warden"
			},
			"textures": {
				"default": "textures/entity/death_angel/gojidraw_queen_death_angel_burning",
				"dark": "textures/entity/death_angel/gojidraw_queen_death_angel_burning"
			},
			"geometry": {
				"default": "geometry.gojidraw_queen_death_angel"
			},
			"particle_effects": {
				"step": "death_angel:dust",
				"blood": "goji:blood_splat"
			},
			"scripts": {
				"initialize": [
					"variable.tendril_animation = 0.0;",
					"variable.animation_speed = 0.0;"
				],
				"animate": [
					"hurt_controller",
					"movement_controls",
					"sniff_controller",
					"controller_land",
					"controller_jump",
					"controller_fall",
					{
						"st_1": "query.mark_variant==1"
					},
					{
						"st_2": "query.mark_variant==1"
					},
					"melee_attack_controller",
					"shiver_controller"
				]
			},
			"animations": {
				"sniff_controller": "controller.animation.warden.sniff",
				"sniff": "animation.gojidraw_death_angel.sniff",
				"shiver_controller": "controller.animation.warden.shiver",
				"shiver": "animation.gojidraw_death_angel.shiver",
				"st_1": "animation.gojidraw_death_angel.trigger_st1",
				"st_2": "animation.gojidraw_queen_death_angel.trigger_st2",
				"hurt_controller": "controller.animation.gojidraw_death_angel.jump",
				"jump": "animation.gojidraw_death_angel.hurt",
				"roar": "animation.gojidraw_queen_death_angel.roar",
				"movement_controls": "controller.animation.gojidraw_death_angel.st",
				"walk": "animation.gojidraw_queen_death_angel.walk",
				"sprint": "animation.gojidraw_queen_death_angel.run",
				"melee_attack_controller": "controller.animation.warden.melee_attacking",
				"melee_attack": "animation.gojidraw_death_angel.attack",
				"controller_jump": "controller.animation.gojidraw_death_angel.up",
				"controller_fall": "controller.animation.gojidraw_death_angel.dn",
				"controller_land": "controller.animation.gojidraw_death_angel.land",
				"jump_timer": "animation.jump_timer",
				"jump": "animation.gojidraw_death_angel.jump",
				"fall": "animation.gojidraw_death_angel.fall",
				"land": "animation.gojidraw_death_angel.land",
				"idle": "animation.gojidraw_death_angel.idle"
			},
			"render_controllers": [
				"controller.render.skin_death_angel"
			],
			"sound_effects": {
				"roar": "mob.queen_death_angel.roar",
				"step": "mob.death_angel.step",
				"clicking": "mob.death_angel.clicking",
				"sniff": "mob.death_angel.sniff",
				"trigger": "mob.death_angel.trigger"
			},
			"spawn_egg": {
				"texture": "gojidraw:death_angel_egg",
				"texture_index": 0
			}
		}
	}
}