{
    "format_version":  "1.10.0",
    "minecraft:client_entity":  {
        "description":  {
            "identifier":  "gojidraw:block_trigger_death_angel",
            "materials":  {
                "default":  "entity_emissive_alpha"
            },
            "textures":  {
                "default":  "textures/entity/death_angel/gojidraw_death_angel_light"
            },
            "geometry":  {
                "default":  "geometry.gojidraw_death_angel1"
      },
			"sound_effects": {
				"trigger": "mob.death_angel.trigger"
			},
            "scripts":  {
                "animate":  [
                    "st_1",
                    "hurt_controller",
                    "hurt1",
                    "st_3"
                ]
            },
            "animations":  {
                "st_1":  "animation.gojidraw_death_angel.trigger_st1",
                "st_3":  "animation.gojidraw_death_angel.trigger_st3",
                "hurt_controller": "controller.animation.gojidraw_death_angel.jump",
				"jump": "animation.gojidraw_death_angel.hurt",
				"hurt2": "animation.gojidraw_death_angel.hurt"
            },
            "render_controllers":  [
                "controller.render.witch"
            ],
            "spawn_egg":  {
                "texture":  "sbgoji:not",
                "texture_index":  0
            }
        }
    }
}
