{
  "format_version": "1.8.0",
  "animation_controllers": {
    "controller.animation.death_angel.melee_attacking": {
        "states": {
            "default": {
                "transitions": [{
                    "attack": "variable.attack_time"
                }]
            },
            "attack": {
                "on_entry": [
"/kill @e[family=!notkillbyda,family=!titan,r=10,family=!gojidraw_death_angel,family=!inanimate]",
"/particle gojidraw:blood_splatter",
"/playsound mob.death_angel.blood_splat @a[r=54]"
                                       
                ],
                "transitions": [{
                    "default": "!variable.attack_time"
                }]
            }
        }
    },
    "controller.animation.queen_death_angel.roar": {
        "states": {
            "default": {
                "transitions": [{
                    "roar": "query.is_roaring"
                }]
            },
            "roar": {
                "on_entry": [
"/gamerule sendcommandfeedback false",
"/camerashake add @p[r=120] 5 0.5  positional"
                ],
                "transitions": [{
                    "default": "!query.is_roaring"
                }]
            }
        }
    },
    "controller.animation.queen_death_angel.melee_attacking": {
        "states": {
            "default": {
                "transitions": [{
                    "attack": "variable.attack_time"
                }]
            },
            "attack": {
                "on_entry": [
"/kill @e[family=!notkillbyda,family=!titan,r=18,family=!gojidraw_death_angel,family=!inanimate]",
"/particle gojidraw:blood_splatter",
"/playsound mob.death_angel.blood_splat @a[r=54]"
                                       
                ],
                "transitions": [{
                    "default": "!variable.attack_time"
                }]
            }
        }
    }
}
}
